-- CityScore Canada — Seed Data
-- Generated: 2026-02-27T14:43:31.322Z
-- Do not edit manually. Regenerate with: pnpm seed

BEGIN TRANSACTION;

-- Clear existing data
DELETE FROM cma_scores;
DELETE FROM metric_history;
DELETE FROM metric_values;
DELETE FROM metrics;
DELETE FROM cmas;

-- CMAs
INSERT INTO cmas (id, name, slug, province, province_abbr, population_latest, centroid_lat, centroid_lng, cma_boundary_note) VALUES ('cma_toronto', 'Toronto', 'toronto', 'Ontario', 'ON', 6712341, 43.7, -79.4, 'The Toronto CMA includes Mississauga, Brampton, Markham, Vaughan, Richmond Hill, and 20+ other municipalities.');
INSERT INTO cmas (id, name, slug, province, province_abbr, population_latest, centroid_lat, centroid_lng, cma_boundary_note) VALUES ('cma_montreal', 'Montréal', 'montreal', 'Quebec', 'QC', 4291732, 45.5, -73.6, 'The Montréal CMA includes Laval, Longueuil, and surrounding municipalities.');
INSERT INTO cmas (id, name, slug, province, province_abbr, population_latest, centroid_lat, centroid_lng, cma_boundary_note) VALUES ('cma_vancouver', 'Vancouver', 'vancouver', 'British Columbia', 'BC', 2756340, 49.3, -123.1, 'The Vancouver CMA includes Burnaby, Surrey, Richmond, Coquitlam, and the North Shore.');
INSERT INTO cmas (id, name, slug, province, province_abbr, population_latest, centroid_lat, centroid_lng, cma_boundary_note) VALUES ('cma_calgary', 'Calgary', 'calgary', 'Alberta', 'AB', 1643966, 51, -114.1, 'The Calgary CMA includes surrounding communities such as Airdrie and Cochrane.');
INSERT INTO cmas (id, name, slug, province, province_abbr, population_latest, centroid_lat, centroid_lng, cma_boundary_note) VALUES ('cma_edmonton', 'Edmonton', 'edmonton', 'Alberta', 'AB', 1487969, 53.5, -113.5, 'The Edmonton CMA includes Sherwood Park, St. Albert, Spruce Grove, and surrounding municipalities.');
INSERT INTO cmas (id, name, slug, province, province_abbr, population_latest, centroid_lat, centroid_lng, cma_boundary_note) VALUES ('cma_ottawa', 'Ottawa–Gatineau', 'ottawa-gatineau', 'Ontario/Quebec', 'ON/QC', 1488307, 45.4, -75.7, 'This bi-provincial CMA spans Ottawa (Ontario) and Gatineau (Quebec).');
INSERT INTO cmas (id, name, slug, province, province_abbr, population_latest, centroid_lat, centroid_lng, cma_boundary_note) VALUES ('cma_winnipeg', 'Winnipeg', 'winnipeg', 'Manitoba', 'MB', 940409, 49.9, -97.1, NULL);
INSERT INTO cmas (id, name, slug, province, province_abbr, population_latest, centroid_lat, centroid_lng, cma_boundary_note) VALUES ('cma_quebec_city', 'Québec City', 'quebec-city', 'Quebec', 'QC', 870000, 46.8, -71.2, NULL);
INSERT INTO cmas (id, name, slug, province, province_abbr, population_latest, centroid_lat, centroid_lng, cma_boundary_note) VALUES ('cma_hamilton', 'Hamilton', 'hamilton', 'Ontario', 'ON', 824340, 43.3, -79.9, NULL);
INSERT INTO cmas (id, name, slug, province, province_abbr, population_latest, centroid_lat, centroid_lng, cma_boundary_note) VALUES ('cma_kitchener', 'Kitchener–Cambridge–Waterloo', 'kitchener-cambridge-waterloo', 'Ontario', 'ON', 643327, 43.5, -80.5, 'This tri-city CMA covers Kitchener, Cambridge, Waterloo, and Woolwich Township.');
INSERT INTO cmas (id, name, slug, province, province_abbr, population_latest, centroid_lat, centroid_lng, cma_boundary_note) VALUES ('cma_london', 'London', 'london', 'Ontario', 'ON', 578432, 43, -81.3, NULL);
INSERT INTO cmas (id, name, slug, province, province_abbr, population_latest, centroid_lat, centroid_lng, cma_boundary_note) VALUES ('cma_halifax', 'Halifax', 'halifax', 'Nova Scotia', 'NS', 475463, 44.6, -63.6, NULL);
INSERT INTO cmas (id, name, slug, province, province_abbr, population_latest, centroid_lat, centroid_lng, cma_boundary_note) VALUES ('cma_oshawa', 'Oshawa', 'oshawa', 'Ontario', 'ON', 415311, 43.9, -78.9, 'The Oshawa CMA includes Whitby, Clarington, and other Durham Region municipalities.');
INSERT INTO cmas (id, name, slug, province, province_abbr, population_latest, centroid_lat, centroid_lng, cma_boundary_note) VALUES ('cma_victoria', 'Victoria', 'victoria', 'British Columbia', 'BC', 406612, 48.4, -123.4, NULL);
INSERT INTO cmas (id, name, slug, province, province_abbr, population_latest, centroid_lat, centroid_lng, cma_boundary_note) VALUES ('cma_windsor', 'Windsor', 'windsor', 'Ontario', 'ON', 368381, 42.3, -83, NULL);
INSERT INTO cmas (id, name, slug, province, province_abbr, population_latest, centroid_lat, centroid_lng, cma_boundary_note) VALUES ('cma_saskatoon', 'Saskatoon', 'saskatoon', 'Saskatchewan', 'SK', 355543, 52.1, -106.7, NULL);
INSERT INTO cmas (id, name, slug, province, province_abbr, population_latest, centroid_lat, centroid_lng, cma_boundary_note) VALUES ('cma_regina', 'Regina', 'regina', 'Saskatchewan', 'SK', 302970, 50.4, -104.6, NULL);
INSERT INTO cmas (id, name, slug, province, province_abbr, population_latest, centroid_lat, centroid_lng, cma_boundary_note) VALUES ('cma_sherbrooke', 'Sherbrooke', 'sherbrooke', 'Quebec', 'QC', 225000, 45.4, -71.9, NULL);
INSERT INTO cmas (id, name, slug, province, province_abbr, population_latest, centroid_lat, centroid_lng, cma_boundary_note) VALUES ('cma_barrie', 'Barrie', 'barrie', 'Ontario', 'ON', 218134, 44.4, -79.7, NULL);
INSERT INTO cmas (id, name, slug, province, province_abbr, population_latest, centroid_lat, centroid_lng, cma_boundary_note) VALUES ('cma_kelowna', 'Kelowna', 'kelowna', 'British Columbia', 'BC', 222162, 49.9, -119.5, NULL);
INSERT INTO cmas (id, name, slug, province, province_abbr, population_latest, centroid_lat, centroid_lng, cma_boundary_note) VALUES ('cma_abbotsford', 'Abbotsford–Mission', 'abbotsford-mission', 'British Columbia', 'BC', 209278, 49.1, -122.3, NULL);
INSERT INTO cmas (id, name, slug, province, province_abbr, population_latest, centroid_lat, centroid_lng, cma_boundary_note) VALUES ('cma_sudbury', 'Greater Sudbury', 'greater-sudbury', 'Ontario', 'ON', 176000, 46.5, -81, NULL);
INSERT INTO cmas (id, name, slug, province, province_abbr, population_latest, centroid_lat, centroid_lng, cma_boundary_note) VALUES ('cma_kingston', 'Kingston', 'kingston', 'Ontario', 'ON', 172546, 44.2, -76.5, NULL);
INSERT INTO cmas (id, name, slug, province, province_abbr, population_latest, centroid_lat, centroid_lng, cma_boundary_note) VALUES ('cma_saguenay', 'Saguenay', 'saguenay', 'Quebec', 'QC', 170000, 48.4, -71.1, NULL);
INSERT INTO cmas (id, name, slug, province, province_abbr, population_latest, centroid_lat, centroid_lng, cma_boundary_note) VALUES ('cma_thunder_bay', 'Thunder Bay', 'thunder-bay', 'Ontario', 'ON', 134000, 48.4, -89.2, NULL);
INSERT INTO cmas (id, name, slug, province, province_abbr, population_latest, centroid_lat, centroid_lng, cma_boundary_note) VALUES ('cma_saint_john', 'Saint John', 'saint-john', 'New Brunswick', 'NB', 127000, 45.3, -66.1, NULL);
INSERT INTO cmas (id, name, slug, province, province_abbr, population_latest, centroid_lat, centroid_lng, cma_boundary_note) VALUES ('cma_fredericton', 'Fredericton', 'fredericton', 'New Brunswick', 'NB', 107000, 45.9, -66.6, NULL);
INSERT INTO cmas (id, name, slug, province, province_abbr, population_latest, centroid_lat, centroid_lng, cma_boundary_note) VALUES ('cma_moncton', 'Moncton', 'moncton', 'New Brunswick', 'NB', 160000, 46.1, -64.8, NULL);
INSERT INTO cmas (id, name, slug, province, province_abbr, population_latest, centroid_lat, centroid_lng, cma_boundary_note) VALUES ('cma_guelph', 'Guelph', 'guelph', 'Ontario', 'ON', 191748, 43.5, -80.2, NULL);
INSERT INTO cmas (id, name, slug, province, province_abbr, population_latest, centroid_lat, centroid_lng, cma_boundary_note) VALUES ('cma_brantford', 'Brantford', 'brantford', 'Ontario', 'ON', 141000, 43.1, -80.3, NULL);
INSERT INTO cmas (id, name, slug, province, province_abbr, population_latest, centroid_lat, centroid_lng, cma_boundary_note) VALUES ('cma_peterborough', 'Peterborough', 'peterborough', 'Ontario', 'ON', 139000, 44.3, -78.3, NULL);
INSERT INTO cmas (id, name, slug, province, province_abbr, population_latest, centroid_lat, centroid_lng, cma_boundary_note) VALUES ('cma_lethbridge', 'Lethbridge', 'lethbridge', 'Alberta', 'AB', 128000, 49.7, -112.8, NULL);
INSERT INTO cmas (id, name, slug, province, province_abbr, population_latest, centroid_lat, centroid_lng, cma_boundary_note) VALUES ('cma_nanaimo', 'Nanaimo', 'nanaimo', 'British Columbia', 'BC', 114000, 49.2, -124, NULL);
INSERT INTO cmas (id, name, slug, province, province_abbr, population_latest, centroid_lat, centroid_lng, cma_boundary_note) VALUES ('cma_red_deer', 'Red Deer', 'red-deer', 'Alberta', 'AB', 113000, 52.3, -113.8, NULL);
INSERT INTO cmas (id, name, slug, province, province_abbr, population_latest, centroid_lat, centroid_lng, cma_boundary_note) VALUES ('cma_trois_rivieres', 'Trois-Rivières', 'trois-rivieres', 'Quebec', 'QC', 164000, 46.4, -72.5, NULL);

-- Metrics
INSERT INTO metrics (id, dimension, name, source_name, source_table, source_url, update_frequency, direction, weight_within_dimension, proxy_fallback_metric_id, is_proxy_target) VALUES ('metric_unemployment_rate', 'economic', 'Unemployment Rate', 'Statistics Canada Labour Force Survey', '14-10-0459-01', 'https://www150.statcan.gc.ca/t1/tbl1/en/dtbl/!downloadTbl/csvDownload!14100459', 'Monthly', 'lower_is_better', 40, NULL, 0);
INSERT INTO metrics (id, dimension, name, source_name, source_table, source_url, update_frequency, direction, weight_within_dimension, proxy_fallback_metric_id, is_proxy_target) VALUES ('metric_employment_rate', 'economic', 'Employment Rate', 'Statistics Canada Labour Force Survey', '14-10-0459-01', 'https://www150.statcan.gc.ca/t1/tbl1/en/dtbl/!downloadTbl/csvDownload!14100459', 'Monthly', 'higher_is_better', 30, NULL, 0);
INSERT INTO metrics (id, dimension, name, source_name, source_table, source_url, update_frequency, direction, weight_within_dimension, proxy_fallback_metric_id, is_proxy_target) VALUES ('metric_median_income', 'economic', 'Median Household Income', 'Statistics Canada T1FF / Census', '11-10-0162-01', 'https://www150.statcan.gc.ca/t1/tbl1/en/dtbl/!downloadTbl/csvDownload!11100162', 'Annual (18-month lag)', 'higher_is_better', 30, NULL, 0);
INSERT INTO metrics (id, dimension, name, source_name, source_table, source_url, update_frequency, direction, weight_within_dimension, proxy_fallback_metric_id, is_proxy_target) VALUES ('metric_avg_rent', 'housing', 'Average Monthly Rent (2BR)', 'CMHC Rental Market Survey', NULL, 'https://www.cmhc-schl.gc.ca/en/professionals/housing-markets-data-and-research/housing-data/data-tables/rental-market', 'Annual', 'lower_is_better', 35, NULL, 0);
INSERT INTO metrics (id, dimension, name, source_name, source_table, source_url, update_frequency, direction, weight_within_dimension, proxy_fallback_metric_id, is_proxy_target) VALUES ('metric_vacancy_rate', 'housing', 'Rental Vacancy Rate', 'CMHC Rental Market Survey', NULL, 'https://www.cmhc-schl.gc.ca/en/professionals/housing-markets-data-and-research/housing-data/data-tables/rental-market', 'Annual', 'higher_is_better', 30, NULL, 0);
INSERT INTO metrics (id, dimension, name, source_name, source_table, source_url, update_frequency, direction, weight_within_dimension, proxy_fallback_metric_id, is_proxy_target) VALUES ('metric_housing_price_index', 'housing', 'New Housing Price Index', 'CMHC / Statistics Canada (CREA HPI proxy)', '18-10-0205-01', 'https://www150.statcan.gc.ca/t1/tbl1/en/dtbl/!downloadTbl/csvDownload!18100205', 'Monthly', 'lower_is_better', 35, NULL, 0);
INSERT INTO metrics (id, dimension, name, source_name, source_table, source_url, update_frequency, direction, weight_within_dimension, proxy_fallback_metric_id, is_proxy_target) VALUES ('metric_cpi', 'quality_of_life', 'Consumer Price Index', 'Statistics Canada CPI', '18-10-0004-01', 'https://www150.statcan.gc.ca/t1/tbl1/en/dtbl/!downloadTbl/csvDownload!18100004', 'Monthly (12 cities; provincial fallback)', 'lower_is_better', 40, NULL, 0);
INSERT INTO metrics (id, dimension, name, source_name, source_table, source_url, update_frequency, direction, weight_within_dimension, proxy_fallback_metric_id, is_proxy_target) VALUES ('metric_pop_growth', 'quality_of_life', '5-Year Population Growth Rate', 'Statistics Canada Population Estimates', '17-10-0148-01', 'https://www150.statcan.gc.ca/t1/tbl1/en/dtbl/!downloadTbl/csvDownload!17100148', 'Annual', 'higher_is_better', 60, NULL, 0);
INSERT INTO metrics (id, dimension, name, source_name, source_table, source_url, update_frequency, direction, weight_within_dimension, proxy_fallback_metric_id, is_proxy_target) VALUES ('metric_csi', 'safety', 'Crime Severity Index', 'Statistics Canada Uniform Crime Reporting Survey', '35-10-0026-01', 'https://www150.statcan.gc.ca/t1/tbl1/en/dtbl/!downloadTbl/csvDownload!35100026', 'Annual (7-month lag)', 'lower_is_better', 100, NULL, 0);
INSERT INTO metrics (id, dimension, name, source_name, source_table, source_url, update_frequency, direction, weight_within_dimension, proxy_fallback_metric_id, is_proxy_target) VALUES ('metric_aqhi', 'environment', 'Air Quality Health Index (30-day avg)', 'Environment and Climate Change Canada', NULL, 'https://www.canada.ca/en/environment-climate-change/services/air-quality-health-index.html', 'Daily (30-day rolling average shown)', 'lower_is_better', 100, NULL, 0);
INSERT INTO metrics (id, dimension, name, source_name, source_table, source_url, update_frequency, direction, weight_within_dimension, proxy_fallback_metric_id, is_proxy_target) VALUES ('metric_population', 'demographics', 'Population', 'Statistics Canada Population Estimates', '17-10-0148-01', 'https://www150.statcan.gc.ca/t1/tbl1/en/dtbl/!downloadTbl/csvDownload!17100148', 'Annual', 'neutral', 0, NULL, 0);
INSERT INTO metrics (id, dimension, name, source_name, source_table, source_url, update_frequency, direction, weight_within_dimension, proxy_fallback_metric_id, is_proxy_target) VALUES ('metric_pop_growth_5yr', 'demographics', '5-Year Population Growth', 'Statistics Canada Population Estimates', '17-10-0148-01', 'https://www150.statcan.gc.ca/t1/tbl1/en/dtbl/!downloadTbl/csvDownload!17100148', 'Annual', 'higher_is_better', 50, NULL, 0);
INSERT INTO metrics (id, dimension, name, source_name, source_table, source_url, update_frequency, direction, weight_within_dimension, proxy_fallback_metric_id, is_proxy_target) VALUES ('metric_immigration_share', 'demographics', 'Immigration Share', 'Statistics Canada Census 2021', '98-10-0384-01', 'https://www12.statcan.gc.ca/census-recensement/2021/dp-pd/prof/index.cfm', '5-year Census', 'higher_is_better', 30, NULL, 0);
INSERT INTO metrics (id, dimension, name, source_name, source_table, source_url, update_frequency, direction, weight_within_dimension, proxy_fallback_metric_id, is_proxy_target) VALUES ('metric_median_age', 'demographics', 'Median Age', 'Statistics Canada Census 2021', '98-10-0384-01', 'https://www12.statcan.gc.ca/census-recensement/2021/dp-pd/prof/index.cfm', '5-year Census', 'neutral', 0, NULL, 0);

-- Metric Values
INSERT INTO metric_values (id, cma_id, metric_id, period, value, is_proxy, proxy_note, source_publication_date, source_table_id) VALUES ('mv_cma_toronto_metric_unemployment_rate', 'cma_toronto', 'metric_unemployment_rate', '2024', 7.4, 0, NULL, '2024-12-20', '14-10-0459-01');
INSERT INTO metric_values (id, cma_id, metric_id, period, value, is_proxy, proxy_note, source_publication_date, source_table_id) VALUES ('mv_cma_montreal_metric_unemployment_rate', 'cma_montreal', 'metric_unemployment_rate', '2024', 6.2, 0, NULL, '2024-12-20', '14-10-0459-01');
INSERT INTO metric_values (id, cma_id, metric_id, period, value, is_proxy, proxy_note, source_publication_date, source_table_id) VALUES ('mv_cma_vancouver_metric_unemployment_rate', 'cma_vancouver', 'metric_unemployment_rate', '2024', 5.8, 0, NULL, '2024-12-20', '14-10-0459-01');
INSERT INTO metric_values (id, cma_id, metric_id, period, value, is_proxy, proxy_note, source_publication_date, source_table_id) VALUES ('mv_cma_calgary_metric_unemployment_rate', 'cma_calgary', 'metric_unemployment_rate', '2024', 6.4, 0, NULL, '2024-12-20', '14-10-0459-01');
INSERT INTO metric_values (id, cma_id, metric_id, period, value, is_proxy, proxy_note, source_publication_date, source_table_id) VALUES ('mv_cma_edmonton_metric_unemployment_rate', 'cma_edmonton', 'metric_unemployment_rate', '2024', 7.1, 0, NULL, '2024-12-20', '14-10-0459-01');
INSERT INTO metric_values (id, cma_id, metric_id, period, value, is_proxy, proxy_note, source_publication_date, source_table_id) VALUES ('mv_cma_ottawa_metric_unemployment_rate', 'cma_ottawa', 'metric_unemployment_rate', '2024', 5.2, 0, NULL, '2024-12-20', '14-10-0459-01');
INSERT INTO metric_values (id, cma_id, metric_id, period, value, is_proxy, proxy_note, source_publication_date, source_table_id) VALUES ('mv_cma_winnipeg_metric_unemployment_rate', 'cma_winnipeg', 'metric_unemployment_rate', '2024', 4.9, 0, NULL, '2024-12-20', '14-10-0459-01');
INSERT INTO metric_values (id, cma_id, metric_id, period, value, is_proxy, proxy_note, source_publication_date, source_table_id) VALUES ('mv_cma_quebec_city_metric_unemployment_rate', 'cma_quebec_city', 'metric_unemployment_rate', '2024', 3.8, 0, NULL, '2024-12-20', '14-10-0459-01');
INSERT INTO metric_values (id, cma_id, metric_id, period, value, is_proxy, proxy_note, source_publication_date, source_table_id) VALUES ('mv_cma_hamilton_metric_unemployment_rate', 'cma_hamilton', 'metric_unemployment_rate', '2024', 5.7, 0, NULL, '2024-12-20', '14-10-0459-01');
INSERT INTO metric_values (id, cma_id, metric_id, period, value, is_proxy, proxy_note, source_publication_date, source_table_id) VALUES ('mv_cma_kitchener_metric_unemployment_rate', 'cma_kitchener', 'metric_unemployment_rate', '2024', 6.1, 0, NULL, '2024-12-20', '14-10-0459-01');
INSERT INTO metric_values (id, cma_id, metric_id, period, value, is_proxy, proxy_note, source_publication_date, source_table_id) VALUES ('mv_cma_london_metric_unemployment_rate', 'cma_london', 'metric_unemployment_rate', '2024', 6.5, 0, NULL, '2024-12-20', '14-10-0459-01');
INSERT INTO metric_values (id, cma_id, metric_id, period, value, is_proxy, proxy_note, source_publication_date, source_table_id) VALUES ('mv_cma_halifax_metric_unemployment_rate', 'cma_halifax', 'metric_unemployment_rate', '2024', 5.4, 0, NULL, '2024-12-20', '14-10-0459-01');
INSERT INTO metric_values (id, cma_id, metric_id, period, value, is_proxy, proxy_note, source_publication_date, source_table_id) VALUES ('mv_cma_oshawa_metric_unemployment_rate', 'cma_oshawa', 'metric_unemployment_rate', '2024', 6.8, 0, NULL, '2024-12-20', '14-10-0459-01');
INSERT INTO metric_values (id, cma_id, metric_id, period, value, is_proxy, proxy_note, source_publication_date, source_table_id) VALUES ('mv_cma_victoria_metric_unemployment_rate', 'cma_victoria', 'metric_unemployment_rate', '2024', 4.3, 0, NULL, '2024-12-20', '14-10-0459-01');
INSERT INTO metric_values (id, cma_id, metric_id, period, value, is_proxy, proxy_note, source_publication_date, source_table_id) VALUES ('mv_cma_windsor_metric_unemployment_rate', 'cma_windsor', 'metric_unemployment_rate', '2024', 8.2, 0, NULL, '2024-12-20', '14-10-0459-01');
INSERT INTO metric_values (id, cma_id, metric_id, period, value, is_proxy, proxy_note, source_publication_date, source_table_id) VALUES ('mv_cma_saskatoon_metric_unemployment_rate', 'cma_saskatoon', 'metric_unemployment_rate', '2024', 5.6, 0, NULL, '2024-12-20', '14-10-0459-01');
INSERT INTO metric_values (id, cma_id, metric_id, period, value, is_proxy, proxy_note, source_publication_date, source_table_id) VALUES ('mv_cma_regina_metric_unemployment_rate', 'cma_regina', 'metric_unemployment_rate', '2024', 4.9, 0, NULL, '2024-12-20', '14-10-0459-01');
INSERT INTO metric_values (id, cma_id, metric_id, period, value, is_proxy, proxy_note, source_publication_date, source_table_id) VALUES ('mv_cma_sherbrooke_metric_unemployment_rate', 'cma_sherbrooke', 'metric_unemployment_rate', '2024', 4.1, 0, NULL, '2024-12-20', '14-10-0459-01');
INSERT INTO metric_values (id, cma_id, metric_id, period, value, is_proxy, proxy_note, source_publication_date, source_table_id) VALUES ('mv_cma_barrie_metric_unemployment_rate', 'cma_barrie', 'metric_unemployment_rate', '2024', 6.2, 0, NULL, '2024-12-20', '14-10-0459-01');
INSERT INTO metric_values (id, cma_id, metric_id, period, value, is_proxy, proxy_note, source_publication_date, source_table_id) VALUES ('mv_cma_kelowna_metric_unemployment_rate', 'cma_kelowna', 'metric_unemployment_rate', '2024', 4.7, 0, NULL, '2024-12-20', '14-10-0459-01');
INSERT INTO metric_values (id, cma_id, metric_id, period, value, is_proxy, proxy_note, source_publication_date, source_table_id) VALUES ('mv_cma_abbotsford_metric_unemployment_rate', 'cma_abbotsford', 'metric_unemployment_rate', '2024', 5.2, 0, NULL, '2024-12-20', '14-10-0459-01');
INSERT INTO metric_values (id, cma_id, metric_id, period, value, is_proxy, proxy_note, source_publication_date, source_table_id) VALUES ('mv_cma_sudbury_metric_unemployment_rate', 'cma_sudbury', 'metric_unemployment_rate', '2024', 6.8, 0, NULL, '2024-12-20', '14-10-0459-01');
INSERT INTO metric_values (id, cma_id, metric_id, period, value, is_proxy, proxy_note, source_publication_date, source_table_id) VALUES ('mv_cma_kingston_metric_unemployment_rate', 'cma_kingston', 'metric_unemployment_rate', '2024', 4.8, 0, NULL, '2024-12-20', '14-10-0459-01');
INSERT INTO metric_values (id, cma_id, metric_id, period, value, is_proxy, proxy_note, source_publication_date, source_table_id) VALUES ('mv_cma_saguenay_metric_unemployment_rate', 'cma_saguenay', 'metric_unemployment_rate', '2024', 4.2, 0, NULL, '2024-12-20', '14-10-0459-01');
INSERT INTO metric_values (id, cma_id, metric_id, period, value, is_proxy, proxy_note, source_publication_date, source_table_id) VALUES ('mv_cma_thunder_bay_metric_unemployment_rate', 'cma_thunder_bay', 'metric_unemployment_rate', '2024', 5.9, 0, NULL, '2024-12-20', '14-10-0459-01');
INSERT INTO metric_values (id, cma_id, metric_id, period, value, is_proxy, proxy_note, source_publication_date, source_table_id) VALUES ('mv_cma_saint_john_metric_unemployment_rate', 'cma_saint_john', 'metric_unemployment_rate', '2024', 7.1, 0, NULL, '2024-12-20', '14-10-0459-01');
INSERT INTO metric_values (id, cma_id, metric_id, period, value, is_proxy, proxy_note, source_publication_date, source_table_id) VALUES ('mv_cma_fredericton_metric_unemployment_rate', 'cma_fredericton', 'metric_unemployment_rate', '2024', 5.3, 0, NULL, '2024-12-20', '14-10-0459-01');
INSERT INTO metric_values (id, cma_id, metric_id, period, value, is_proxy, proxy_note, source_publication_date, source_table_id) VALUES ('mv_cma_moncton_metric_unemployment_rate', 'cma_moncton', 'metric_unemployment_rate', '2024', 5.8, 0, NULL, '2024-12-20', '14-10-0459-01');
INSERT INTO metric_values (id, cma_id, metric_id, period, value, is_proxy, proxy_note, source_publication_date, source_table_id) VALUES ('mv_cma_guelph_metric_unemployment_rate', 'cma_guelph', 'metric_unemployment_rate', '2024', 5.4, 0, NULL, '2024-12-20', '14-10-0459-01');
INSERT INTO metric_values (id, cma_id, metric_id, period, value, is_proxy, proxy_note, source_publication_date, source_table_id) VALUES ('mv_cma_brantford_metric_unemployment_rate', 'cma_brantford', 'metric_unemployment_rate', '2024', 6.9, 0, NULL, '2024-12-20', '14-10-0459-01');
INSERT INTO metric_values (id, cma_id, metric_id, period, value, is_proxy, proxy_note, source_publication_date, source_table_id) VALUES ('mv_cma_peterborough_metric_unemployment_rate', 'cma_peterborough', 'metric_unemployment_rate', '2024', 6.3, 0, NULL, '2024-12-20', '14-10-0459-01');
INSERT INTO metric_values (id, cma_id, metric_id, period, value, is_proxy, proxy_note, source_publication_date, source_table_id) VALUES ('mv_cma_lethbridge_metric_unemployment_rate', 'cma_lethbridge', 'metric_unemployment_rate', '2024', 5.8, 0, NULL, '2024-12-20', '14-10-0459-01');
INSERT INTO metric_values (id, cma_id, metric_id, period, value, is_proxy, proxy_note, source_publication_date, source_table_id) VALUES ('mv_cma_nanaimo_metric_unemployment_rate', 'cma_nanaimo', 'metric_unemployment_rate', '2024', 5.6, 0, NULL, '2024-12-20', '14-10-0459-01');
INSERT INTO metric_values (id, cma_id, metric_id, period, value, is_proxy, proxy_note, source_publication_date, source_table_id) VALUES ('mv_cma_red_deer_metric_unemployment_rate', 'cma_red_deer', 'metric_unemployment_rate', '2024', 6.2, 0, NULL, '2024-12-20', '14-10-0459-01');
INSERT INTO metric_values (id, cma_id, metric_id, period, value, is_proxy, proxy_note, source_publication_date, source_table_id) VALUES ('mv_cma_trois_rivieres_metric_unemployment_rate', 'cma_trois_rivieres', 'metric_unemployment_rate', '2024', 4.8, 0, NULL, '2024-12-20', '14-10-0459-01');
INSERT INTO metric_values (id, cma_id, metric_id, period, value, is_proxy, proxy_note, source_publication_date, source_table_id) VALUES ('mv_cma_toronto_metric_employment_rate', 'cma_toronto', 'metric_employment_rate', '2024', 60.1, 0, NULL, '2024-12-20', '14-10-0459-01');
INSERT INTO metric_values (id, cma_id, metric_id, period, value, is_proxy, proxy_note, source_publication_date, source_table_id) VALUES ('mv_cma_montreal_metric_employment_rate', 'cma_montreal', 'metric_employment_rate', '2024', 61.4, 0, NULL, '2024-12-20', '14-10-0459-01');
INSERT INTO metric_values (id, cma_id, metric_id, period, value, is_proxy, proxy_note, source_publication_date, source_table_id) VALUES ('mv_cma_vancouver_metric_employment_rate', 'cma_vancouver', 'metric_employment_rate', '2024', 62.3, 0, NULL, '2024-12-20', '14-10-0459-01');
INSERT INTO metric_values (id, cma_id, metric_id, period, value, is_proxy, proxy_note, source_publication_date, source_table_id) VALUES ('mv_cma_calgary_metric_employment_rate', 'cma_calgary', 'metric_employment_rate', '2024', 65.8, 0, NULL, '2024-12-20', '14-10-0459-01');
INSERT INTO metric_values (id, cma_id, metric_id, period, value, is_proxy, proxy_note, source_publication_date, source_table_id) VALUES ('mv_cma_edmonton_metric_employment_rate', 'cma_edmonton', 'metric_employment_rate', '2024', 64.2, 0, NULL, '2024-12-20', '14-10-0459-01');
INSERT INTO metric_values (id, cma_id, metric_id, period, value, is_proxy, proxy_note, source_publication_date, source_table_id) VALUES ('mv_cma_ottawa_metric_employment_rate', 'cma_ottawa', 'metric_employment_rate', '2024', 65.4, 0, NULL, '2024-12-20', '14-10-0459-01');
INSERT INTO metric_values (id, cma_id, metric_id, period, value, is_proxy, proxy_note, source_publication_date, source_table_id) VALUES ('mv_cma_winnipeg_metric_employment_rate', 'cma_winnipeg', 'metric_employment_rate', '2024', 66.2, 0, NULL, '2024-12-20', '14-10-0459-01');
INSERT INTO metric_values (id, cma_id, metric_id, period, value, is_proxy, proxy_note, source_publication_date, source_table_id) VALUES ('mv_cma_quebec_city_metric_employment_rate', 'cma_quebec_city', 'metric_employment_rate', '2024', 64.8, 0, NULL, '2024-12-20', '14-10-0459-01');
INSERT INTO metric_values (id, cma_id, metric_id, period, value, is_proxy, proxy_note, source_publication_date, source_table_id) VALUES ('mv_cma_hamilton_metric_employment_rate', 'cma_hamilton', 'metric_employment_rate', '2024', 61.9, 0, NULL, '2024-12-20', '14-10-0459-01');
INSERT INTO metric_values (id, cma_id, metric_id, period, value, is_proxy, proxy_note, source_publication_date, source_table_id) VALUES ('mv_cma_kitchener_metric_employment_rate', 'cma_kitchener', 'metric_employment_rate', '2024', 63.4, 0, NULL, '2024-12-20', '14-10-0459-01');
INSERT INTO metric_values (id, cma_id, metric_id, period, value, is_proxy, proxy_note, source_publication_date, source_table_id) VALUES ('mv_cma_london_metric_employment_rate', 'cma_london', 'metric_employment_rate', '2024', 61.2, 0, NULL, '2024-12-20', '14-10-0459-01');
INSERT INTO metric_values (id, cma_id, metric_id, period, value, is_proxy, proxy_note, source_publication_date, source_table_id) VALUES ('mv_cma_halifax_metric_employment_rate', 'cma_halifax', 'metric_employment_rate', '2024', 63.7, 0, NULL, '2024-12-20', '14-10-0459-01');
INSERT INTO metric_values (id, cma_id, metric_id, period, value, is_proxy, proxy_note, source_publication_date, source_table_id) VALUES ('mv_cma_oshawa_metric_employment_rate', 'cma_oshawa', 'metric_employment_rate', '2024', 61.8, 0, NULL, '2024-12-20', '14-10-0459-01');
INSERT INTO metric_values (id, cma_id, metric_id, period, value, is_proxy, proxy_note, source_publication_date, source_table_id) VALUES ('mv_cma_victoria_metric_employment_rate', 'cma_victoria', 'metric_employment_rate', '2024', 63.9, 0, NULL, '2024-12-20', '14-10-0459-01');
INSERT INTO metric_values (id, cma_id, metric_id, period, value, is_proxy, proxy_note, source_publication_date, source_table_id) VALUES ('mv_cma_windsor_metric_employment_rate', 'cma_windsor', 'metric_employment_rate', '2024', 59.8, 0, NULL, '2024-12-20', '14-10-0459-01');
INSERT INTO metric_values (id, cma_id, metric_id, period, value, is_proxy, proxy_note, source_publication_date, source_table_id) VALUES ('mv_cma_saskatoon_metric_employment_rate', 'cma_saskatoon', 'metric_employment_rate', '2024', 64.8, 0, NULL, '2024-12-20', '14-10-0459-01');
INSERT INTO metric_values (id, cma_id, metric_id, period, value, is_proxy, proxy_note, source_publication_date, source_table_id) VALUES ('mv_cma_regina_metric_employment_rate', 'cma_regina', 'metric_employment_rate', '2024', 66.1, 0, NULL, '2024-12-20', '14-10-0459-01');
INSERT INTO metric_values (id, cma_id, metric_id, period, value, is_proxy, proxy_note, source_publication_date, source_table_id) VALUES ('mv_cma_sherbrooke_metric_employment_rate', 'cma_sherbrooke', 'metric_employment_rate', '2024', 63.8, 0, NULL, '2024-12-20', '14-10-0459-01');
INSERT INTO metric_values (id, cma_id, metric_id, period, value, is_proxy, proxy_note, source_publication_date, source_table_id) VALUES ('mv_cma_barrie_metric_employment_rate', 'cma_barrie', 'metric_employment_rate', '2024', 62.4, 0, NULL, '2024-12-20', '14-10-0459-01');
INSERT INTO metric_values (id, cma_id, metric_id, period, value, is_proxy, proxy_note, source_publication_date, source_table_id) VALUES ('mv_cma_kelowna_metric_employment_rate', 'cma_kelowna', 'metric_employment_rate', '2024', 63.8, 0, NULL, '2024-12-20', '14-10-0459-01');
INSERT INTO metric_values (id, cma_id, metric_id, period, value, is_proxy, proxy_note, source_publication_date, source_table_id) VALUES ('mv_cma_abbotsford_metric_employment_rate', 'cma_abbotsford', 'metric_employment_rate', '2024', 62.1, 0, NULL, '2024-12-20', '14-10-0459-01');
INSERT INTO metric_values (id, cma_id, metric_id, period, value, is_proxy, proxy_note, source_publication_date, source_table_id) VALUES ('mv_cma_sudbury_metric_employment_rate', 'cma_sudbury', 'metric_employment_rate', '2024', 61.4, 0, NULL, '2024-12-20', '14-10-0459-01');
INSERT INTO metric_values (id, cma_id, metric_id, period, value, is_proxy, proxy_note, source_publication_date, source_table_id) VALUES ('mv_cma_kingston_metric_employment_rate', 'cma_kingston', 'metric_employment_rate', '2024', 62.8, 0, NULL, '2024-12-20', '14-10-0459-01');
INSERT INTO metric_values (id, cma_id, metric_id, period, value, is_proxy, proxy_note, source_publication_date, source_table_id) VALUES ('mv_cma_saguenay_metric_employment_rate', 'cma_saguenay', 'metric_employment_rate', '2024', 63.1, 0, NULL, '2024-12-20', '14-10-0459-01');
INSERT INTO metric_values (id, cma_id, metric_id, period, value, is_proxy, proxy_note, source_publication_date, source_table_id) VALUES ('mv_cma_thunder_bay_metric_employment_rate', 'cma_thunder_bay', 'metric_employment_rate', '2024', 61.8, 0, NULL, '2024-12-20', '14-10-0459-01');
INSERT INTO metric_values (id, cma_id, metric_id, period, value, is_proxy, proxy_note, source_publication_date, source_table_id) VALUES ('mv_cma_saint_john_metric_employment_rate', 'cma_saint_john', 'metric_employment_rate', '2024', 60.4, 0, NULL, '2024-12-20', '14-10-0459-01');
INSERT INTO metric_values (id, cma_id, metric_id, period, value, is_proxy, proxy_note, source_publication_date, source_table_id) VALUES ('mv_cma_fredericton_metric_employment_rate', 'cma_fredericton', 'metric_employment_rate', '2024', 63.2, 0, NULL, '2024-12-20', '14-10-0459-01');
INSERT INTO metric_values (id, cma_id, metric_id, period, value, is_proxy, proxy_note, source_publication_date, source_table_id) VALUES ('mv_cma_moncton_metric_employment_rate', 'cma_moncton', 'metric_employment_rate', '2024', 63.6, 0, NULL, '2024-12-20', '14-10-0459-01');
INSERT INTO metric_values (id, cma_id, metric_id, period, value, is_proxy, proxy_note, source_publication_date, source_table_id) VALUES ('mv_cma_guelph_metric_employment_rate', 'cma_guelph', 'metric_employment_rate', '2024', 64.1, 0, NULL, '2024-12-20', '14-10-0459-01');
INSERT INTO metric_values (id, cma_id, metric_id, period, value, is_proxy, proxy_note, source_publication_date, source_table_id) VALUES ('mv_cma_brantford_metric_employment_rate', 'cma_brantford', 'metric_employment_rate', '2024', 61.6, 0, NULL, '2024-12-20', '14-10-0459-01');
INSERT INTO metric_values (id, cma_id, metric_id, period, value, is_proxy, proxy_note, source_publication_date, source_table_id) VALUES ('mv_cma_peterborough_metric_employment_rate', 'cma_peterborough', 'metric_employment_rate', '2024', 61.1, 0, NULL, '2024-12-20', '14-10-0459-01');
INSERT INTO metric_values (id, cma_id, metric_id, period, value, is_proxy, proxy_note, source_publication_date, source_table_id) VALUES ('mv_cma_lethbridge_metric_employment_rate', 'cma_lethbridge', 'metric_employment_rate', '2024', 63.8, 0, NULL, '2024-12-20', '14-10-0459-01');
INSERT INTO metric_values (id, cma_id, metric_id, period, value, is_proxy, proxy_note, source_publication_date, source_table_id) VALUES ('mv_cma_nanaimo_metric_employment_rate', 'cma_nanaimo', 'metric_employment_rate', '2024', 62.4, 0, NULL, '2024-12-20', '14-10-0459-01');
INSERT INTO metric_values (id, cma_id, metric_id, period, value, is_proxy, proxy_note, source_publication_date, source_table_id) VALUES ('mv_cma_red_deer_metric_employment_rate', 'cma_red_deer', 'metric_employment_rate', '2024', 64.2, 0, NULL, '2024-12-20', '14-10-0459-01');
INSERT INTO metric_values (id, cma_id, metric_id, period, value, is_proxy, proxy_note, source_publication_date, source_table_id) VALUES ('mv_cma_trois_rivieres_metric_employment_rate', 'cma_trois_rivieres', 'metric_employment_rate', '2024', 62.7, 0, NULL, '2024-12-20', '14-10-0459-01');
INSERT INTO metric_values (id, cma_id, metric_id, period, value, is_proxy, proxy_note, source_publication_date, source_table_id) VALUES ('mv_cma_toronto_metric_median_income', 'cma_toronto', 'metric_median_income', '2021', 87000, 0, NULL, '2022-09-21', '11-10-0162-01');
INSERT INTO metric_values (id, cma_id, metric_id, period, value, is_proxy, proxy_note, source_publication_date, source_table_id) VALUES ('mv_cma_montreal_metric_median_income', 'cma_montreal', 'metric_median_income', '2021', 72000, 0, NULL, '2022-09-21', '11-10-0162-01');
INSERT INTO metric_values (id, cma_id, metric_id, period, value, is_proxy, proxy_note, source_publication_date, source_table_id) VALUES ('mv_cma_vancouver_metric_median_income', 'cma_vancouver', 'metric_median_income', '2021', 84000, 0, NULL, '2022-09-21', '11-10-0162-01');
INSERT INTO metric_values (id, cma_id, metric_id, period, value, is_proxy, proxy_note, source_publication_date, source_table_id) VALUES ('mv_cma_calgary_metric_median_income', 'cma_calgary', 'metric_median_income', '2021', 96000, 0, NULL, '2022-09-21', '11-10-0162-01');
INSERT INTO metric_values (id, cma_id, metric_id, period, value, is_proxy, proxy_note, source_publication_date, source_table_id) VALUES ('mv_cma_edmonton_metric_median_income', 'cma_edmonton', 'metric_median_income', '2021', 91000, 0, NULL, '2022-09-21', '11-10-0162-01');
INSERT INTO metric_values (id, cma_id, metric_id, period, value, is_proxy, proxy_note, source_publication_date, source_table_id) VALUES ('mv_cma_ottawa_metric_median_income', 'cma_ottawa', 'metric_median_income', '2021', 98000, 0, NULL, '2022-09-21', '11-10-0162-01');
INSERT INTO metric_values (id, cma_id, metric_id, period, value, is_proxy, proxy_note, source_publication_date, source_table_id) VALUES ('mv_cma_winnipeg_metric_median_income', 'cma_winnipeg', 'metric_median_income', '2021', 83000, 0, NULL, '2022-09-21', '11-10-0162-01');
INSERT INTO metric_values (id, cma_id, metric_id, period, value, is_proxy, proxy_note, source_publication_date, source_table_id) VALUES ('mv_cma_quebec_city_metric_median_income', 'cma_quebec_city', 'metric_median_income', '2021', 79000, 0, NULL, '2022-09-21', '11-10-0162-01');
INSERT INTO metric_values (id, cma_id, metric_id, period, value, is_proxy, proxy_note, source_publication_date, source_table_id) VALUES ('mv_cma_hamilton_metric_median_income', 'cma_hamilton', 'metric_median_income', '2021', 84000, 0, NULL, '2022-09-21', '11-10-0162-01');
INSERT INTO metric_values (id, cma_id, metric_id, period, value, is_proxy, proxy_note, source_publication_date, source_table_id) VALUES ('mv_cma_kitchener_metric_median_income', 'cma_kitchener', 'metric_median_income', '2021', 91000, 0, NULL, '2022-09-21', '11-10-0162-01');
INSERT INTO metric_values (id, cma_id, metric_id, period, value, is_proxy, proxy_note, source_publication_date, source_table_id) VALUES ('mv_cma_london_metric_median_income', 'cma_london', 'metric_median_income', '2021', 79000, 0, NULL, '2022-09-21', '11-10-0162-01');
INSERT INTO metric_values (id, cma_id, metric_id, period, value, is_proxy, proxy_note, source_publication_date, source_table_id) VALUES ('mv_cma_halifax_metric_median_income', 'cma_halifax', 'metric_median_income', '2021', 83000, 0, NULL, '2022-09-21', '11-10-0162-01');
INSERT INTO metric_values (id, cma_id, metric_id, period, value, is_proxy, proxy_note, source_publication_date, source_table_id) VALUES ('mv_cma_oshawa_metric_median_income', 'cma_oshawa', 'metric_median_income', '2021', 92000, 0, NULL, '2022-09-21', '11-10-0162-01');
INSERT INTO metric_values (id, cma_id, metric_id, period, value, is_proxy, proxy_note, source_publication_date, source_table_id) VALUES ('mv_cma_victoria_metric_median_income', 'cma_victoria', 'metric_median_income', '2021', 86000, 0, NULL, '2022-09-21', '11-10-0162-01');
INSERT INTO metric_values (id, cma_id, metric_id, period, value, is_proxy, proxy_note, source_publication_date, source_table_id) VALUES ('mv_cma_windsor_metric_median_income', 'cma_windsor', 'metric_median_income', '2021', 79000, 0, NULL, '2022-09-21', '11-10-0162-01');
INSERT INTO metric_values (id, cma_id, metric_id, period, value, is_proxy, proxy_note, source_publication_date, source_table_id) VALUES ('mv_cma_saskatoon_metric_median_income', 'cma_saskatoon', 'metric_median_income', '2021', 87000, 0, NULL, '2022-09-21', '11-10-0162-01');
INSERT INTO metric_values (id, cma_id, metric_id, period, value, is_proxy, proxy_note, source_publication_date, source_table_id) VALUES ('mv_cma_regina_metric_median_income', 'cma_regina', 'metric_median_income', '2021', 86000, 0, NULL, '2022-09-21', '11-10-0162-01');
INSERT INTO metric_values (id, cma_id, metric_id, period, value, is_proxy, proxy_note, source_publication_date, source_table_id) VALUES ('mv_cma_sherbrooke_metric_median_income', 'cma_sherbrooke', 'metric_median_income', '2021', 69000, 0, NULL, '2022-09-21', '11-10-0162-01');
INSERT INTO metric_values (id, cma_id, metric_id, period, value, is_proxy, proxy_note, source_publication_date, source_table_id) VALUES ('mv_cma_barrie_metric_median_income', 'cma_barrie', 'metric_median_income', '2021', 88000, 0, NULL, '2022-09-21', '11-10-0162-01');
INSERT INTO metric_values (id, cma_id, metric_id, period, value, is_proxy, proxy_note, source_publication_date, source_table_id) VALUES ('mv_cma_kelowna_metric_median_income', 'cma_kelowna', 'metric_median_income', '2021', 82000, 0, NULL, '2022-09-21', '11-10-0162-01');
INSERT INTO metric_values (id, cma_id, metric_id, period, value, is_proxy, proxy_note, source_publication_date, source_table_id) VALUES ('mv_cma_abbotsford_metric_median_income', 'cma_abbotsford', 'metric_median_income', '2021', 78000, 0, NULL, '2022-09-21', '11-10-0162-01');
INSERT INTO metric_values (id, cma_id, metric_id, period, value, is_proxy, proxy_note, source_publication_date, source_table_id) VALUES ('mv_cma_sudbury_metric_median_income', 'cma_sudbury', 'metric_median_income', '2021', 83000, 0, NULL, '2022-09-21', '11-10-0162-01');
INSERT INTO metric_values (id, cma_id, metric_id, period, value, is_proxy, proxy_note, source_publication_date, source_table_id) VALUES ('mv_cma_kingston_metric_median_income', 'cma_kingston', 'metric_median_income', '2021', 81000, 0, NULL, '2022-09-21', '11-10-0162-01');
INSERT INTO metric_values (id, cma_id, metric_id, period, value, is_proxy, proxy_note, source_publication_date, source_table_id) VALUES ('mv_cma_saguenay_metric_median_income', 'cma_saguenay', 'metric_median_income', '2021', 70000, 0, NULL, '2022-09-21', '11-10-0162-01');
INSERT INTO metric_values (id, cma_id, metric_id, period, value, is_proxy, proxy_note, source_publication_date, source_table_id) VALUES ('mv_cma_thunder_bay_metric_median_income', 'cma_thunder_bay', 'metric_median_income', '2021', 79000, 0, NULL, '2022-09-21', '11-10-0162-01');
INSERT INTO metric_values (id, cma_id, metric_id, period, value, is_proxy, proxy_note, source_publication_date, source_table_id) VALUES ('mv_cma_saint_john_metric_median_income', 'cma_saint_john', 'metric_median_income', '2021', 72000, 0, NULL, '2022-09-21', '11-10-0162-01');
INSERT INTO metric_values (id, cma_id, metric_id, period, value, is_proxy, proxy_note, source_publication_date, source_table_id) VALUES ('mv_cma_fredericton_metric_median_income', 'cma_fredericton', 'metric_median_income', '2021', 78000, 0, NULL, '2022-09-21', '11-10-0162-01');
INSERT INTO metric_values (id, cma_id, metric_id, period, value, is_proxy, proxy_note, source_publication_date, source_table_id) VALUES ('mv_cma_moncton_metric_median_income', 'cma_moncton', 'metric_median_income', '2021', 77000, 0, NULL, '2022-09-21', '11-10-0162-01');
INSERT INTO metric_values (id, cma_id, metric_id, period, value, is_proxy, proxy_note, source_publication_date, source_table_id) VALUES ('mv_cma_guelph_metric_median_income', 'cma_guelph', 'metric_median_income', '2021', 93000, 0, NULL, '2022-09-21', '11-10-0162-01');
INSERT INTO metric_values (id, cma_id, metric_id, period, value, is_proxy, proxy_note, source_publication_date, source_table_id) VALUES ('mv_cma_brantford_metric_median_income', 'cma_brantford', 'metric_median_income', '2021', 82000, 0, NULL, '2022-09-21', '11-10-0162-01');
INSERT INTO metric_values (id, cma_id, metric_id, period, value, is_proxy, proxy_note, source_publication_date, source_table_id) VALUES ('mv_cma_peterborough_metric_median_income', 'cma_peterborough', 'metric_median_income', '2021', 78000, 0, NULL, '2022-09-21', '11-10-0162-01');
INSERT INTO metric_values (id, cma_id, metric_id, period, value, is_proxy, proxy_note, source_publication_date, source_table_id) VALUES ('mv_cma_lethbridge_metric_median_income', 'cma_lethbridge', 'metric_median_income', '2021', 86000, 0, NULL, '2022-09-21', '11-10-0162-01');
INSERT INTO metric_values (id, cma_id, metric_id, period, value, is_proxy, proxy_note, source_publication_date, source_table_id) VALUES ('mv_cma_nanaimo_metric_median_income', 'cma_nanaimo', 'metric_median_income', '2021', 77000, 0, NULL, '2022-09-21', '11-10-0162-01');
INSERT INTO metric_values (id, cma_id, metric_id, period, value, is_proxy, proxy_note, source_publication_date, source_table_id) VALUES ('mv_cma_red_deer_metric_median_income', 'cma_red_deer', 'metric_median_income', '2021', 89000, 0, NULL, '2022-09-21', '11-10-0162-01');
INSERT INTO metric_values (id, cma_id, metric_id, period, value, is_proxy, proxy_note, source_publication_date, source_table_id) VALUES ('mv_cma_trois_rivieres_metric_median_income', 'cma_trois_rivieres', 'metric_median_income', '2021', 68000, 0, NULL, '2022-09-21', '11-10-0162-01');
INSERT INTO metric_values (id, cma_id, metric_id, period, value, is_proxy, proxy_note, source_publication_date, source_table_id) VALUES ('mv_cma_toronto_metric_avg_rent', 'cma_toronto', 'metric_avg_rent', '2023', 2247, 0, NULL, '2023-11-28', NULL);
INSERT INTO metric_values (id, cma_id, metric_id, period, value, is_proxy, proxy_note, source_publication_date, source_table_id) VALUES ('mv_cma_montreal_metric_avg_rent', 'cma_montreal', 'metric_avg_rent', '2023', 1197, 0, NULL, '2023-11-28', NULL);
INSERT INTO metric_values (id, cma_id, metric_id, period, value, is_proxy, proxy_note, source_publication_date, source_table_id) VALUES ('mv_cma_vancouver_metric_avg_rent', 'cma_vancouver', 'metric_avg_rent', '2023', 2412, 0, NULL, '2023-11-28', NULL);
INSERT INTO metric_values (id, cma_id, metric_id, period, value, is_proxy, proxy_note, source_publication_date, source_table_id) VALUES ('mv_cma_calgary_metric_avg_rent', 'cma_calgary', 'metric_avg_rent', '2023', 1828, 0, NULL, '2023-11-28', NULL);
INSERT INTO metric_values (id, cma_id, metric_id, period, value, is_proxy, proxy_note, source_publication_date, source_table_id) VALUES ('mv_cma_edmonton_metric_avg_rent', 'cma_edmonton', 'metric_avg_rent', '2023', 1415, 0, NULL, '2023-11-28', NULL);
INSERT INTO metric_values (id, cma_id, metric_id, period, value, is_proxy, proxy_note, source_publication_date, source_table_id) VALUES ('mv_cma_ottawa_metric_avg_rent', 'cma_ottawa', 'metric_avg_rent', '2023', 1742, 0, NULL, '2023-11-28', NULL);
INSERT INTO metric_values (id, cma_id, metric_id, period, value, is_proxy, proxy_note, source_publication_date, source_table_id) VALUES ('mv_cma_winnipeg_metric_avg_rent', 'cma_winnipeg', 'metric_avg_rent', '2023', 1332, 0, NULL, '2023-11-28', NULL);
INSERT INTO metric_values (id, cma_id, metric_id, period, value, is_proxy, proxy_note, source_publication_date, source_table_id) VALUES ('mv_cma_quebec_city_metric_avg_rent', 'cma_quebec_city', 'metric_avg_rent', '2023', 1026, 0, NULL, '2023-11-28', NULL);
INSERT INTO metric_values (id, cma_id, metric_id, period, value, is_proxy, proxy_note, source_publication_date, source_table_id) VALUES ('mv_cma_hamilton_metric_avg_rent', 'cma_hamilton', 'metric_avg_rent', '2023', 1643, 0, NULL, '2023-11-28', NULL);
INSERT INTO metric_values (id, cma_id, metric_id, period, value, is_proxy, proxy_note, source_publication_date, source_table_id) VALUES ('mv_cma_kitchener_metric_avg_rent', 'cma_kitchener', 'metric_avg_rent', '2023', 1748, 0, NULL, '2023-11-28', NULL);
INSERT INTO metric_values (id, cma_id, metric_id, period, value, is_proxy, proxy_note, source_publication_date, source_table_id) VALUES ('mv_cma_london_metric_avg_rent', 'cma_london', 'metric_avg_rent', '2023', 1487, 0, NULL, '2023-11-28', NULL);
INSERT INTO metric_values (id, cma_id, metric_id, period, value, is_proxy, proxy_note, source_publication_date, source_table_id) VALUES ('mv_cma_halifax_metric_avg_rent', 'cma_halifax', 'metric_avg_rent', '2023', 1842, 0, NULL, '2023-11-28', NULL);
INSERT INTO metric_values (id, cma_id, metric_id, period, value, is_proxy, proxy_note, source_publication_date, source_table_id) VALUES ('mv_cma_oshawa_metric_avg_rent', 'cma_oshawa', 'metric_avg_rent', '2023', 1798, 0, NULL, '2023-11-28', NULL);
INSERT INTO metric_values (id, cma_id, metric_id, period, value, is_proxy, proxy_note, source_publication_date, source_table_id) VALUES ('mv_cma_victoria_metric_avg_rent', 'cma_victoria', 'metric_avg_rent', '2023', 2108, 0, NULL, '2023-11-28', NULL);
INSERT INTO metric_values (id, cma_id, metric_id, period, value, is_proxy, proxy_note, source_publication_date, source_table_id) VALUES ('mv_cma_windsor_metric_avg_rent', 'cma_windsor', 'metric_avg_rent', '2023', 1398, 0, NULL, '2023-11-28', NULL);
INSERT INTO metric_values (id, cma_id, metric_id, period, value, is_proxy, proxy_note, source_publication_date, source_table_id) VALUES ('mv_cma_saskatoon_metric_avg_rent', 'cma_saskatoon', 'metric_avg_rent', '2023', 1256, 0, NULL, '2023-11-28', NULL);
INSERT INTO metric_values (id, cma_id, metric_id, period, value, is_proxy, proxy_note, source_publication_date, source_table_id) VALUES ('mv_cma_regina_metric_avg_rent', 'cma_regina', 'metric_avg_rent', '2023', 1189, 0, NULL, '2023-11-28', NULL);
INSERT INTO metric_values (id, cma_id, metric_id, period, value, is_proxy, proxy_note, source_publication_date, source_table_id) VALUES ('mv_cma_sherbrooke_metric_avg_rent', 'cma_sherbrooke', 'metric_avg_rent', '2023', 842, 0, NULL, '2023-11-28', NULL);
INSERT INTO metric_values (id, cma_id, metric_id, period, value, is_proxy, proxy_note, source_publication_date, source_table_id) VALUES ('mv_cma_barrie_metric_avg_rent', 'cma_barrie', 'metric_avg_rent', '2023', 1756, 0, NULL, '2023-11-28', NULL);
INSERT INTO metric_values (id, cma_id, metric_id, period, value, is_proxy, proxy_note, source_publication_date, source_table_id) VALUES ('mv_cma_kelowna_metric_avg_rent', 'cma_kelowna', 'metric_avg_rent', '2023', 1834, 0, NULL, '2023-11-28', NULL);
INSERT INTO metric_values (id, cma_id, metric_id, period, value, is_proxy, proxy_note, source_publication_date, source_table_id) VALUES ('mv_cma_abbotsford_metric_avg_rent', 'cma_abbotsford', 'metric_avg_rent', '2023', 1698, 0, NULL, '2023-11-28', NULL);
INSERT INTO metric_values (id, cma_id, metric_id, period, value, is_proxy, proxy_note, source_publication_date, source_table_id) VALUES ('mv_cma_sudbury_metric_avg_rent', 'cma_sudbury', 'metric_avg_rent', '2023', 1124, 0, NULL, '2023-11-28', NULL);
INSERT INTO metric_values (id, cma_id, metric_id, period, value, is_proxy, proxy_note, source_publication_date, source_table_id) VALUES ('mv_cma_kingston_metric_avg_rent', 'cma_kingston', 'metric_avg_rent', '2023', 1567, 0, NULL, '2023-11-28', NULL);
INSERT INTO metric_values (id, cma_id, metric_id, period, value, is_proxy, proxy_note, source_publication_date, source_table_id) VALUES ('mv_cma_saguenay_metric_avg_rent', 'cma_saguenay', 'metric_avg_rent', '2023', 847, 0, NULL, '2023-11-28', NULL);
INSERT INTO metric_values (id, cma_id, metric_id, period, value, is_proxy, proxy_note, source_publication_date, source_table_id) VALUES ('mv_cma_thunder_bay_metric_avg_rent', 'cma_thunder_bay', 'metric_avg_rent', '2023', 1098, 0, NULL, '2023-11-28', NULL);
INSERT INTO metric_values (id, cma_id, metric_id, period, value, is_proxy, proxy_note, source_publication_date, source_table_id) VALUES ('mv_cma_saint_john_metric_avg_rent', 'cma_saint_john', 'metric_avg_rent', '2023', 1124, 0, NULL, '2023-11-28', NULL);
INSERT INTO metric_values (id, cma_id, metric_id, period, value, is_proxy, proxy_note, source_publication_date, source_table_id) VALUES ('mv_cma_fredericton_metric_avg_rent', 'cma_fredericton', 'metric_avg_rent', '2023', 1178, 0, NULL, '2023-11-28', NULL);
INSERT INTO metric_values (id, cma_id, metric_id, period, value, is_proxy, proxy_note, source_publication_date, source_table_id) VALUES ('mv_cma_moncton_metric_avg_rent', 'cma_moncton', 'metric_avg_rent', '2023', 1287, 0, NULL, '2023-11-28', NULL);
INSERT INTO metric_values (id, cma_id, metric_id, period, value, is_proxy, proxy_note, source_publication_date, source_table_id) VALUES ('mv_cma_guelph_metric_avg_rent', 'cma_guelph', 'metric_avg_rent', '2023', 1823, 0, NULL, '2023-11-28', NULL);
INSERT INTO metric_values (id, cma_id, metric_id, period, value, is_proxy, proxy_note, source_publication_date, source_table_id) VALUES ('mv_cma_brantford_metric_avg_rent', 'cma_brantford', 'metric_avg_rent', '2023', 1478, 0, NULL, '2023-11-28', NULL);
INSERT INTO metric_values (id, cma_id, metric_id, period, value, is_proxy, proxy_note, source_publication_date, source_table_id) VALUES ('mv_cma_peterborough_metric_avg_rent', 'cma_peterborough', 'metric_avg_rent', '2023', 1456, 0, NULL, '2023-11-28', NULL);
INSERT INTO metric_values (id, cma_id, metric_id, period, value, is_proxy, proxy_note, source_publication_date, source_table_id) VALUES ('mv_cma_lethbridge_metric_avg_rent', 'cma_lethbridge', 'metric_avg_rent', '2023', 1187, 0, NULL, '2023-11-28', NULL);
INSERT INTO metric_values (id, cma_id, metric_id, period, value, is_proxy, proxy_note, source_publication_date, source_table_id) VALUES ('mv_cma_nanaimo_metric_avg_rent', 'cma_nanaimo', 'metric_avg_rent', '2023', 1756, 0, NULL, '2023-11-28', NULL);
INSERT INTO metric_values (id, cma_id, metric_id, period, value, is_proxy, proxy_note, source_publication_date, source_table_id) VALUES ('mv_cma_red_deer_metric_avg_rent', 'cma_red_deer', 'metric_avg_rent', '2023', 1198, 0, NULL, '2023-11-28', NULL);
INSERT INTO metric_values (id, cma_id, metric_id, period, value, is_proxy, proxy_note, source_publication_date, source_table_id) VALUES ('mv_cma_trois_rivieres_metric_avg_rent', 'cma_trois_rivieres', 'metric_avg_rent', '2023', 912, 0, NULL, '2023-11-28', NULL);
INSERT INTO metric_values (id, cma_id, metric_id, period, value, is_proxy, proxy_note, source_publication_date, source_table_id) VALUES ('mv_cma_toronto_metric_vacancy_rate', 'cma_toronto', 'metric_vacancy_rate', '2023', 1.5, 0, NULL, '2023-11-28', NULL);
INSERT INTO metric_values (id, cma_id, metric_id, period, value, is_proxy, proxy_note, source_publication_date, source_table_id) VALUES ('mv_cma_montreal_metric_vacancy_rate', 'cma_montreal', 'metric_vacancy_rate', '2023', 3, 0, NULL, '2023-11-28', NULL);
INSERT INTO metric_values (id, cma_id, metric_id, period, value, is_proxy, proxy_note, source_publication_date, source_table_id) VALUES ('mv_cma_vancouver_metric_vacancy_rate', 'cma_vancouver', 'metric_vacancy_rate', '2023', 0.9, 0, NULL, '2023-11-28', NULL);
INSERT INTO metric_values (id, cma_id, metric_id, period, value, is_proxy, proxy_note, source_publication_date, source_table_id) VALUES ('mv_cma_calgary_metric_vacancy_rate', 'cma_calgary', 'metric_vacancy_rate', '2023', 2.1, 0, NULL, '2023-11-28', NULL);
INSERT INTO metric_values (id, cma_id, metric_id, period, value, is_proxy, proxy_note, source_publication_date, source_table_id) VALUES ('mv_cma_edmonton_metric_vacancy_rate', 'cma_edmonton', 'metric_vacancy_rate', '2023', 2.4, 0, NULL, '2023-11-28', NULL);
INSERT INTO metric_values (id, cma_id, metric_id, period, value, is_proxy, proxy_note, source_publication_date, source_table_id) VALUES ('mv_cma_ottawa_metric_vacancy_rate', 'cma_ottawa', 'metric_vacancy_rate', '2023', 1.7, 0, NULL, '2023-11-28', NULL);
INSERT INTO metric_values (id, cma_id, metric_id, period, value, is_proxy, proxy_note, source_publication_date, source_table_id) VALUES ('mv_cma_winnipeg_metric_vacancy_rate', 'cma_winnipeg', 'metric_vacancy_rate', '2023', 2.8, 0, NULL, '2023-11-28', NULL);
INSERT INTO metric_values (id, cma_id, metric_id, period, value, is_proxy, proxy_note, source_publication_date, source_table_id) VALUES ('mv_cma_quebec_city_metric_vacancy_rate', 'cma_quebec_city', 'metric_vacancy_rate', '2023', 2.5, 0, NULL, '2023-11-28', NULL);
INSERT INTO metric_values (id, cma_id, metric_id, period, value, is_proxy, proxy_note, source_publication_date, source_table_id) VALUES ('mv_cma_hamilton_metric_vacancy_rate', 'cma_hamilton', 'metric_vacancy_rate', '2023', 1.4, 0, NULL, '2023-11-28', NULL);
INSERT INTO metric_values (id, cma_id, metric_id, period, value, is_proxy, proxy_note, source_publication_date, source_table_id) VALUES ('mv_cma_kitchener_metric_vacancy_rate', 'cma_kitchener', 'metric_vacancy_rate', '2023', 1.6, 0, NULL, '2023-11-28', NULL);
INSERT INTO metric_values (id, cma_id, metric_id, period, value, is_proxy, proxy_note, source_publication_date, source_table_id) VALUES ('mv_cma_london_metric_vacancy_rate', 'cma_london', 'metric_vacancy_rate', '2023', 1.3, 0, NULL, '2023-11-28', NULL);
INSERT INTO metric_values (id, cma_id, metric_id, period, value, is_proxy, proxy_note, source_publication_date, source_table_id) VALUES ('mv_cma_halifax_metric_vacancy_rate', 'cma_halifax', 'metric_vacancy_rate', '2023', 1, 0, NULL, '2023-11-28', NULL);
INSERT INTO metric_values (id, cma_id, metric_id, period, value, is_proxy, proxy_note, source_publication_date, source_table_id) VALUES ('mv_cma_oshawa_metric_vacancy_rate', 'cma_oshawa', 'metric_vacancy_rate', '2023', 1.2, 0, NULL, '2023-11-28', NULL);
INSERT INTO metric_values (id, cma_id, metric_id, period, value, is_proxy, proxy_note, source_publication_date, source_table_id) VALUES ('mv_cma_victoria_metric_vacancy_rate', 'cma_victoria', 'metric_vacancy_rate', '2023', 1.3, 0, NULL, '2023-11-28', NULL);
INSERT INTO metric_values (id, cma_id, metric_id, period, value, is_proxy, proxy_note, source_publication_date, source_table_id) VALUES ('mv_cma_windsor_metric_vacancy_rate', 'cma_windsor', 'metric_vacancy_rate', '2023', 1.9, 0, NULL, '2023-11-28', NULL);
INSERT INTO metric_values (id, cma_id, metric_id, period, value, is_proxy, proxy_note, source_publication_date, source_table_id) VALUES ('mv_cma_saskatoon_metric_vacancy_rate', 'cma_saskatoon', 'metric_vacancy_rate', '2023', 3.4, 0, NULL, '2023-11-28', NULL);
INSERT INTO metric_values (id, cma_id, metric_id, period, value, is_proxy, proxy_note, source_publication_date, source_table_id) VALUES ('mv_cma_regina_metric_vacancy_rate', 'cma_regina', 'metric_vacancy_rate', '2023', 4.2, 0, NULL, '2023-11-28', NULL);
INSERT INTO metric_values (id, cma_id, metric_id, period, value, is_proxy, proxy_note, source_publication_date, source_table_id) VALUES ('mv_cma_sherbrooke_metric_vacancy_rate', 'cma_sherbrooke', 'metric_vacancy_rate', '2023', 3.8, 0, NULL, '2023-11-28', NULL);
INSERT INTO metric_values (id, cma_id, metric_id, period, value, is_proxy, proxy_note, source_publication_date, source_table_id) VALUES ('mv_cma_barrie_metric_vacancy_rate', 'cma_barrie', 'metric_vacancy_rate', '2023', 1.8, 0, NULL, '2023-11-28', NULL);
INSERT INTO metric_values (id, cma_id, metric_id, period, value, is_proxy, proxy_note, source_publication_date, source_table_id) VALUES ('mv_cma_kelowna_metric_vacancy_rate', 'cma_kelowna', 'metric_vacancy_rate', '2023', 1.2, 0, NULL, '2023-11-28', NULL);
INSERT INTO metric_values (id, cma_id, metric_id, period, value, is_proxy, proxy_note, source_publication_date, source_table_id) VALUES ('mv_cma_abbotsford_metric_vacancy_rate', 'cma_abbotsford', 'metric_vacancy_rate', '2023', 1.4, 0, NULL, '2023-11-28', NULL);
INSERT INTO metric_values (id, cma_id, metric_id, period, value, is_proxy, proxy_note, source_publication_date, source_table_id) VALUES ('mv_cma_sudbury_metric_vacancy_rate', 'cma_sudbury', 'metric_vacancy_rate', '2023', 5.1, 0, NULL, '2023-11-28', NULL);
INSERT INTO metric_values (id, cma_id, metric_id, period, value, is_proxy, proxy_note, source_publication_date, source_table_id) VALUES ('mv_cma_kingston_metric_vacancy_rate', 'cma_kingston', 'metric_vacancy_rate', '2023', 2.1, 0, NULL, '2023-11-28', NULL);
INSERT INTO metric_values (id, cma_id, metric_id, period, value, is_proxy, proxy_note, source_publication_date, source_table_id) VALUES ('mv_cma_saguenay_metric_vacancy_rate', 'cma_saguenay', 'metric_vacancy_rate', '2023', 3.2, 0, NULL, '2023-11-28', NULL);
INSERT INTO metric_values (id, cma_id, metric_id, period, value, is_proxy, proxy_note, source_publication_date, source_table_id) VALUES ('mv_cma_thunder_bay_metric_vacancy_rate', 'cma_thunder_bay', 'metric_vacancy_rate', '2023', 4.8, 0, NULL, '2023-11-28', NULL);
INSERT INTO metric_values (id, cma_id, metric_id, period, value, is_proxy, proxy_note, source_publication_date, source_table_id) VALUES ('mv_cma_saint_john_metric_vacancy_rate', 'cma_saint_john', 'metric_vacancy_rate', '2023', 3.6, 0, NULL, '2023-11-28', NULL);
INSERT INTO metric_values (id, cma_id, metric_id, period, value, is_proxy, proxy_note, source_publication_date, source_table_id) VALUES ('mv_cma_fredericton_metric_vacancy_rate', 'cma_fredericton', 'metric_vacancy_rate', '2023', 3.1, 0, NULL, '2023-11-28', NULL);
INSERT INTO metric_values (id, cma_id, metric_id, period, value, is_proxy, proxy_note, source_publication_date, source_table_id) VALUES ('mv_cma_moncton_metric_vacancy_rate', 'cma_moncton', 'metric_vacancy_rate', '2023', 2.4, 0, NULL, '2023-11-28', NULL);
INSERT INTO metric_values (id, cma_id, metric_id, period, value, is_proxy, proxy_note, source_publication_date, source_table_id) VALUES ('mv_cma_guelph_metric_vacancy_rate', 'cma_guelph', 'metric_vacancy_rate', '2023', 1.7, 0, NULL, '2023-11-28', NULL);
INSERT INTO metric_values (id, cma_id, metric_id, period, value, is_proxy, proxy_note, source_publication_date, source_table_id) VALUES ('mv_cma_brantford_metric_vacancy_rate', 'cma_brantford', 'metric_vacancy_rate', '2023', 1.8, 0, NULL, '2023-11-28', NULL);
INSERT INTO metric_values (id, cma_id, metric_id, period, value, is_proxy, proxy_note, source_publication_date, source_table_id) VALUES ('mv_cma_peterborough_metric_vacancy_rate', 'cma_peterborough', 'metric_vacancy_rate', '2023', 2.2, 0, NULL, '2023-11-28', NULL);
INSERT INTO metric_values (id, cma_id, metric_id, period, value, is_proxy, proxy_note, source_publication_date, source_table_id) VALUES ('mv_cma_lethbridge_metric_vacancy_rate', 'cma_lethbridge', 'metric_vacancy_rate', '2023', 4.6, 0, NULL, '2023-11-28', NULL);
INSERT INTO metric_values (id, cma_id, metric_id, period, value, is_proxy, proxy_note, source_publication_date, source_table_id) VALUES ('mv_cma_nanaimo_metric_vacancy_rate', 'cma_nanaimo', 'metric_vacancy_rate', '2023', 1.9, 0, NULL, '2023-11-28', NULL);
INSERT INTO metric_values (id, cma_id, metric_id, period, value, is_proxy, proxy_note, source_publication_date, source_table_id) VALUES ('mv_cma_red_deer_metric_vacancy_rate', 'cma_red_deer', 'metric_vacancy_rate', '2023', 5.3, 0, NULL, '2023-11-28', NULL);
INSERT INTO metric_values (id, cma_id, metric_id, period, value, is_proxy, proxy_note, source_publication_date, source_table_id) VALUES ('mv_cma_trois_rivieres_metric_vacancy_rate', 'cma_trois_rivieres', 'metric_vacancy_rate', '2023', 3.9, 0, NULL, '2023-11-28', NULL);
INSERT INTO metric_values (id, cma_id, metric_id, period, value, is_proxy, proxy_note, source_publication_date, source_table_id) VALUES ('mv_cma_toronto_metric_housing_price_index', 'cma_toronto', 'metric_housing_price_index', '2023', 124.7, 1, 'CMHC New Housing Price Index used as proxy for CREA MLS HPI (2016=100)', '2024-01-18', '18-10-0205-01');
INSERT INTO metric_values (id, cma_id, metric_id, period, value, is_proxy, proxy_note, source_publication_date, source_table_id) VALUES ('mv_cma_montreal_metric_housing_price_index', 'cma_montreal', 'metric_housing_price_index', '2023', 131.8, 1, 'CMHC New Housing Price Index used as proxy for CREA MLS HPI (2016=100)', '2024-01-18', '18-10-0205-01');
INSERT INTO metric_values (id, cma_id, metric_id, period, value, is_proxy, proxy_note, source_publication_date, source_table_id) VALUES ('mv_cma_vancouver_metric_housing_price_index', 'cma_vancouver', 'metric_housing_price_index', '2023', 118.2, 1, 'CMHC New Housing Price Index used as proxy for CREA MLS HPI (2016=100)', '2024-01-18', '18-10-0205-01');
INSERT INTO metric_values (id, cma_id, metric_id, period, value, is_proxy, proxy_note, source_publication_date, source_table_id) VALUES ('mv_cma_calgary_metric_housing_price_index', 'cma_calgary', 'metric_housing_price_index', '2023', 143.6, 1, 'CMHC New Housing Price Index used as proxy for CREA MLS HPI (2016=100)', '2024-01-18', '18-10-0205-01');
INSERT INTO metric_values (id, cma_id, metric_id, period, value, is_proxy, proxy_note, source_publication_date, source_table_id) VALUES ('mv_cma_edmonton_metric_housing_price_index', 'cma_edmonton', 'metric_housing_price_index', '2023', 112.4, 1, 'CMHC New Housing Price Index used as proxy for CREA MLS HPI (2016=100)', '2024-01-18', '18-10-0205-01');
INSERT INTO metric_values (id, cma_id, metric_id, period, value, is_proxy, proxy_note, source_publication_date, source_table_id) VALUES ('mv_cma_ottawa_metric_housing_price_index', 'cma_ottawa', 'metric_housing_price_index', '2023', 128.3, 1, 'CMHC New Housing Price Index used as proxy for CREA MLS HPI (2016=100)', '2024-01-18', '18-10-0205-01');
INSERT INTO metric_values (id, cma_id, metric_id, period, value, is_proxy, proxy_note, source_publication_date, source_table_id) VALUES ('mv_cma_winnipeg_metric_housing_price_index', 'cma_winnipeg', 'metric_housing_price_index', '2023', 138.7, 1, 'CMHC New Housing Price Index used as proxy for CREA MLS HPI (2016=100)', '2024-01-18', '18-10-0205-01');
INSERT INTO metric_values (id, cma_id, metric_id, period, value, is_proxy, proxy_note, source_publication_date, source_table_id) VALUES ('mv_cma_quebec_city_metric_housing_price_index', 'cma_quebec_city', 'metric_housing_price_index', '2023', 142.1, 1, 'CMHC New Housing Price Index used as proxy for CREA MLS HPI (2016=100)', '2024-01-18', '18-10-0205-01');
INSERT INTO metric_values (id, cma_id, metric_id, period, value, is_proxy, proxy_note, source_publication_date, source_table_id) VALUES ('mv_cma_hamilton_metric_housing_price_index', 'cma_hamilton', 'metric_housing_price_index', '2023', 121.8, 1, 'CMHC New Housing Price Index used as proxy for CREA MLS HPI (2016=100)', '2024-01-18', '18-10-0205-01');
INSERT INTO metric_values (id, cma_id, metric_id, period, value, is_proxy, proxy_note, source_publication_date, source_table_id) VALUES ('mv_cma_kitchener_metric_housing_price_index', 'cma_kitchener', 'metric_housing_price_index', '2023', 119.4, 1, 'CMHC New Housing Price Index used as proxy for CREA MLS HPI (2016=100)', '2024-01-18', '18-10-0205-01');
INSERT INTO metric_values (id, cma_id, metric_id, period, value, is_proxy, proxy_note, source_publication_date, source_table_id) VALUES ('mv_cma_london_metric_housing_price_index', 'cma_london', 'metric_housing_price_index', '2023', 122.7, 1, 'CMHC New Housing Price Index used as proxy for CREA MLS HPI (2016=100)', '2024-01-18', '18-10-0205-01');
INSERT INTO metric_values (id, cma_id, metric_id, period, value, is_proxy, proxy_note, source_publication_date, source_table_id) VALUES ('mv_cma_halifax_metric_housing_price_index', 'cma_halifax', 'metric_housing_price_index', '2023', 148.3, 1, 'CMHC New Housing Price Index used as proxy for CREA MLS HPI (2016=100)', '2024-01-18', '18-10-0205-01');
INSERT INTO metric_values (id, cma_id, metric_id, period, value, is_proxy, proxy_note, source_publication_date, source_table_id) VALUES ('mv_cma_oshawa_metric_housing_price_index', 'cma_oshawa', 'metric_housing_price_index', '2023', 123.1, 1, 'CMHC New Housing Price Index used as proxy for CREA MLS HPI (2016=100)', '2024-01-18', '18-10-0205-01');
INSERT INTO metric_values (id, cma_id, metric_id, period, value, is_proxy, proxy_note, source_publication_date, source_table_id) VALUES ('mv_cma_victoria_metric_housing_price_index', 'cma_victoria', 'metric_housing_price_index', '2023', 115.8, 1, 'CMHC New Housing Price Index used as proxy for CREA MLS HPI (2016=100)', '2024-01-18', '18-10-0205-01');
INSERT INTO metric_values (id, cma_id, metric_id, period, value, is_proxy, proxy_note, source_publication_date, source_table_id) VALUES ('mv_cma_windsor_metric_housing_price_index', 'cma_windsor', 'metric_housing_price_index', '2023', 129.4, 1, 'CMHC New Housing Price Index used as proxy for CREA MLS HPI (2016=100)', '2024-01-18', '18-10-0205-01');
INSERT INTO metric_values (id, cma_id, metric_id, period, value, is_proxy, proxy_note, source_publication_date, source_table_id) VALUES ('mv_cma_saskatoon_metric_housing_price_index', 'cma_saskatoon', 'metric_housing_price_index', '2023', 134.2, 1, 'CMHC New Housing Price Index used as proxy for CREA MLS HPI (2016=100)', '2024-01-18', '18-10-0205-01');
INSERT INTO metric_values (id, cma_id, metric_id, period, value, is_proxy, proxy_note, source_publication_date, source_table_id) VALUES ('mv_cma_regina_metric_housing_price_index', 'cma_regina', 'metric_housing_price_index', '2023', 126.7, 1, 'CMHC New Housing Price Index used as proxy for CREA MLS HPI (2016=100)', '2024-01-18', '18-10-0205-01');
INSERT INTO metric_values (id, cma_id, metric_id, period, value, is_proxy, proxy_note, source_publication_date, source_table_id) VALUES ('mv_cma_sherbrooke_metric_housing_price_index', 'cma_sherbrooke', 'metric_housing_price_index', '2023', 137.4, 1, 'CMHC New Housing Price Index used as proxy for CREA MLS HPI (2016=100)', '2024-01-18', '18-10-0205-01');
INSERT INTO metric_values (id, cma_id, metric_id, period, value, is_proxy, proxy_note, source_publication_date, source_table_id) VALUES ('mv_cma_barrie_metric_housing_price_index', 'cma_barrie', 'metric_housing_price_index', '2023', 120.8, 1, 'CMHC New Housing Price Index used as proxy for CREA MLS HPI (2016=100)', '2024-01-18', '18-10-0205-01');
INSERT INTO metric_values (id, cma_id, metric_id, period, value, is_proxy, proxy_note, source_publication_date, source_table_id) VALUES ('mv_cma_kelowna_metric_housing_price_index', 'cma_kelowna', 'metric_housing_price_index', '2023', 114.7, 1, 'CMHC New Housing Price Index used as proxy for CREA MLS HPI (2016=100)', '2024-01-18', '18-10-0205-01');
INSERT INTO metric_values (id, cma_id, metric_id, period, value, is_proxy, proxy_note, source_publication_date, source_table_id) VALUES ('mv_cma_abbotsford_metric_housing_price_index', 'cma_abbotsford', 'metric_housing_price_index', '2023', 116.3, 1, 'CMHC New Housing Price Index used as proxy for CREA MLS HPI (2016=100)', '2024-01-18', '18-10-0205-01');
INSERT INTO metric_values (id, cma_id, metric_id, period, value, is_proxy, proxy_note, source_publication_date, source_table_id) VALUES ('mv_cma_sudbury_metric_housing_price_index', 'cma_sudbury', 'metric_housing_price_index', '2023', 132.8, 1, 'CMHC New Housing Price Index used as proxy for CREA MLS HPI (2016=100)', '2024-01-18', '18-10-0205-01');
INSERT INTO metric_values (id, cma_id, metric_id, period, value, is_proxy, proxy_note, source_publication_date, source_table_id) VALUES ('mv_cma_kingston_metric_housing_price_index', 'cma_kingston', 'metric_housing_price_index', '2023', 126.4, 1, 'CMHC New Housing Price Index used as proxy for CREA MLS HPI (2016=100)', '2024-01-18', '18-10-0205-01');
INSERT INTO metric_values (id, cma_id, metric_id, period, value, is_proxy, proxy_note, source_publication_date, source_table_id) VALUES ('mv_cma_saguenay_metric_housing_price_index', 'cma_saguenay', 'metric_housing_price_index', '2023', 139.2, 1, 'CMHC New Housing Price Index used as proxy for CREA MLS HPI (2016=100)', '2024-01-18', '18-10-0205-01');
INSERT INTO metric_values (id, cma_id, metric_id, period, value, is_proxy, proxy_note, source_publication_date, source_table_id) VALUES ('mv_cma_thunder_bay_metric_housing_price_index', 'cma_thunder_bay', 'metric_housing_price_index', '2023', 128.6, 1, 'CMHC New Housing Price Index used as proxy for CREA MLS HPI (2016=100)', '2024-01-18', '18-10-0205-01');
INSERT INTO metric_values (id, cma_id, metric_id, period, value, is_proxy, proxy_note, source_publication_date, source_table_id) VALUES ('mv_cma_saint_john_metric_housing_price_index', 'cma_saint_john', 'metric_housing_price_index', '2023', 141.7, 1, 'CMHC New Housing Price Index used as proxy for CREA MLS HPI (2016=100)', '2024-01-18', '18-10-0205-01');
INSERT INTO metric_values (id, cma_id, metric_id, period, value, is_proxy, proxy_note, source_publication_date, source_table_id) VALUES ('mv_cma_fredericton_metric_housing_price_index', 'cma_fredericton', 'metric_housing_price_index', '2023', 138.9, 1, 'CMHC New Housing Price Index used as proxy for CREA MLS HPI (2016=100)', '2024-01-18', '18-10-0205-01');
INSERT INTO metric_values (id, cma_id, metric_id, period, value, is_proxy, proxy_note, source_publication_date, source_table_id) VALUES ('mv_cma_moncton_metric_housing_price_index', 'cma_moncton', 'metric_housing_price_index', '2023', 144.3, 1, 'CMHC New Housing Price Index used as proxy for CREA MLS HPI (2016=100)', '2024-01-18', '18-10-0205-01');
INSERT INTO metric_values (id, cma_id, metric_id, period, value, is_proxy, proxy_note, source_publication_date, source_table_id) VALUES ('mv_cma_guelph_metric_housing_price_index', 'cma_guelph', 'metric_housing_price_index', '2023', 121.6, 1, 'CMHC New Housing Price Index used as proxy for CREA MLS HPI (2016=100)', '2024-01-18', '18-10-0205-01');
INSERT INTO metric_values (id, cma_id, metric_id, period, value, is_proxy, proxy_note, source_publication_date, source_table_id) VALUES ('mv_cma_brantford_metric_housing_price_index', 'cma_brantford', 'metric_housing_price_index', '2023', 127.8, 1, 'CMHC New Housing Price Index used as proxy for CREA MLS HPI (2016=100)', '2024-01-18', '18-10-0205-01');
INSERT INTO metric_values (id, cma_id, metric_id, period, value, is_proxy, proxy_note, source_publication_date, source_table_id) VALUES ('mv_cma_peterborough_metric_housing_price_index', 'cma_peterborough', 'metric_housing_price_index', '2023', 125.4, 1, 'CMHC New Housing Price Index used as proxy for CREA MLS HPI (2016=100)', '2024-01-18', '18-10-0205-01');
INSERT INTO metric_values (id, cma_id, metric_id, period, value, is_proxy, proxy_note, source_publication_date, source_table_id) VALUES ('mv_cma_lethbridge_metric_housing_price_index', 'cma_lethbridge', 'metric_housing_price_index', '2023', 131.2, 1, 'CMHC New Housing Price Index used as proxy for CREA MLS HPI (2016=100)', '2024-01-18', '18-10-0205-01');
INSERT INTO metric_values (id, cma_id, metric_id, period, value, is_proxy, proxy_note, source_publication_date, source_table_id) VALUES ('mv_cma_nanaimo_metric_housing_price_index', 'cma_nanaimo', 'metric_housing_price_index', '2023', 113.8, 1, 'CMHC New Housing Price Index used as proxy for CREA MLS HPI (2016=100)', '2024-01-18', '18-10-0205-01');
INSERT INTO metric_values (id, cma_id, metric_id, period, value, is_proxy, proxy_note, source_publication_date, source_table_id) VALUES ('mv_cma_red_deer_metric_housing_price_index', 'cma_red_deer', 'metric_housing_price_index', '2023', 128.4, 1, 'CMHC New Housing Price Index used as proxy for CREA MLS HPI (2016=100)', '2024-01-18', '18-10-0205-01');
INSERT INTO metric_values (id, cma_id, metric_id, period, value, is_proxy, proxy_note, source_publication_date, source_table_id) VALUES ('mv_cma_trois_rivieres_metric_housing_price_index', 'cma_trois_rivieres', 'metric_housing_price_index', '2023', 140.6, 1, 'CMHC New Housing Price Index used as proxy for CREA MLS HPI (2016=100)', '2024-01-18', '18-10-0205-01');
INSERT INTO metric_values (id, cma_id, metric_id, period, value, is_proxy, proxy_note, source_publication_date, source_table_id) VALUES ('mv_cma_toronto_metric_cpi', 'cma_toronto', 'metric_cpi', '2024', 160.8, 0, NULL, '2024-12-17', '18-10-0004-01');
INSERT INTO metric_values (id, cma_id, metric_id, period, value, is_proxy, proxy_note, source_publication_date, source_table_id) VALUES ('mv_cma_montreal_metric_cpi', 'cma_montreal', 'metric_cpi', '2024', 157.2, 0, NULL, '2024-12-17', '18-10-0004-01');
INSERT INTO metric_values (id, cma_id, metric_id, period, value, is_proxy, proxy_note, source_publication_date, source_table_id) VALUES ('mv_cma_vancouver_metric_cpi', 'cma_vancouver', 'metric_cpi', '2024', 162.4, 0, NULL, '2024-12-17', '18-10-0004-01');
INSERT INTO metric_values (id, cma_id, metric_id, period, value, is_proxy, proxy_note, source_publication_date, source_table_id) VALUES ('mv_cma_calgary_metric_cpi', 'cma_calgary', 'metric_cpi', '2024', 156.1, 0, NULL, '2024-12-17', '18-10-0004-01');
INSERT INTO metric_values (id, cma_id, metric_id, period, value, is_proxy, proxy_note, source_publication_date, source_table_id) VALUES ('mv_cma_edmonton_metric_cpi', 'cma_edmonton', 'metric_cpi', '2024', 154.8, 0, NULL, '2024-12-17', '18-10-0004-01');
INSERT INTO metric_values (id, cma_id, metric_id, period, value, is_proxy, proxy_note, source_publication_date, source_table_id) VALUES ('mv_cma_ottawa_metric_cpi', 'cma_ottawa', 'metric_cpi', '2024', 159.3, 0, NULL, '2024-12-17', '18-10-0004-01');
INSERT INTO metric_values (id, cma_id, metric_id, period, value, is_proxy, proxy_note, source_publication_date, source_table_id) VALUES ('mv_cma_winnipeg_metric_cpi', 'cma_winnipeg', 'metric_cpi', '2024', 155.6, 0, NULL, '2024-12-17', '18-10-0004-01');
INSERT INTO metric_values (id, cma_id, metric_id, period, value, is_proxy, proxy_note, source_publication_date, source_table_id) VALUES ('mv_cma_quebec_city_metric_cpi', 'cma_quebec_city', 'metric_cpi', '2024', 154.2, 0, NULL, '2024-12-17', '18-10-0004-01');
INSERT INTO metric_values (id, cma_id, metric_id, period, value, is_proxy, proxy_note, source_publication_date, source_table_id) VALUES ('mv_cma_hamilton_metric_cpi', 'cma_hamilton', 'metric_cpi', '2024', 159.8, 1, 'Ontario provincial CPI used as proxy', '2024-12-17', '18-10-0004-01');
INSERT INTO metric_values (id, cma_id, metric_id, period, value, is_proxy, proxy_note, source_publication_date, source_table_id) VALUES ('mv_cma_kitchener_metric_cpi', 'cma_kitchener', 'metric_cpi', '2024', 158.9, 1, 'Ontario provincial CPI used as proxy', '2024-12-17', '18-10-0004-01');
INSERT INTO metric_values (id, cma_id, metric_id, period, value, is_proxy, proxy_note, source_publication_date, source_table_id) VALUES ('mv_cma_london_metric_cpi', 'cma_london', 'metric_cpi', '2024', 159.1, 1, 'Ontario provincial CPI used as proxy', '2024-12-17', '18-10-0004-01');
INSERT INTO metric_values (id, cma_id, metric_id, period, value, is_proxy, proxy_note, source_publication_date, source_table_id) VALUES ('mv_cma_halifax_metric_cpi', 'cma_halifax', 'metric_cpi', '2024', 157.8, 0, NULL, '2024-12-17', '18-10-0004-01');
INSERT INTO metric_values (id, cma_id, metric_id, period, value, is_proxy, proxy_note, source_publication_date, source_table_id) VALUES ('mv_cma_oshawa_metric_cpi', 'cma_oshawa', 'metric_cpi', '2024', 160.1, 1, 'Ontario provincial CPI used as proxy', '2024-12-17', '18-10-0004-01');
INSERT INTO metric_values (id, cma_id, metric_id, period, value, is_proxy, proxy_note, source_publication_date, source_table_id) VALUES ('mv_cma_victoria_metric_cpi', 'cma_victoria', 'metric_cpi', '2024', 161.2, 0, NULL, '2024-12-17', '18-10-0004-01');
INSERT INTO metric_values (id, cma_id, metric_id, period, value, is_proxy, proxy_note, source_publication_date, source_table_id) VALUES ('mv_cma_windsor_metric_cpi', 'cma_windsor', 'metric_cpi', '2024', 158.6, 1, 'Ontario provincial CPI used as proxy', '2024-12-17', '18-10-0004-01');
INSERT INTO metric_values (id, cma_id, metric_id, period, value, is_proxy, proxy_note, source_publication_date, source_table_id) VALUES ('mv_cma_saskatoon_metric_cpi', 'cma_saskatoon', 'metric_cpi', '2024', 155.4, 1, 'Saskatchewan provincial CPI used as proxy', '2024-12-17', '18-10-0004-01');
INSERT INTO metric_values (id, cma_id, metric_id, period, value, is_proxy, proxy_note, source_publication_date, source_table_id) VALUES ('mv_cma_regina_metric_cpi', 'cma_regina', 'metric_cpi', '2024', 154.9, 0, NULL, '2024-12-17', '18-10-0004-01');
INSERT INTO metric_values (id, cma_id, metric_id, period, value, is_proxy, proxy_note, source_publication_date, source_table_id) VALUES ('mv_cma_sherbrooke_metric_cpi', 'cma_sherbrooke', 'metric_cpi', '2024', 156.8, 1, 'Quebec provincial CPI used as proxy', '2024-12-17', '18-10-0004-01');
INSERT INTO metric_values (id, cma_id, metric_id, period, value, is_proxy, proxy_note, source_publication_date, source_table_id) VALUES ('mv_cma_barrie_metric_cpi', 'cma_barrie', 'metric_cpi', '2024', 160.4, 1, 'Ontario provincial CPI used as proxy', '2024-12-17', '18-10-0004-01');
INSERT INTO metric_values (id, cma_id, metric_id, period, value, is_proxy, proxy_note, source_publication_date, source_table_id) VALUES ('mv_cma_kelowna_metric_cpi', 'cma_kelowna', 'metric_cpi', '2024', 160.7, 1, 'BC provincial CPI used as proxy', '2024-12-17', '18-10-0004-01');
INSERT INTO metric_values (id, cma_id, metric_id, period, value, is_proxy, proxy_note, source_publication_date, source_table_id) VALUES ('mv_cma_abbotsford_metric_cpi', 'cma_abbotsford', 'metric_cpi', '2024', 161.9, 1, 'BC provincial CPI used as proxy', '2024-12-17', '18-10-0004-01');
INSERT INTO metric_values (id, cma_id, metric_id, period, value, is_proxy, proxy_note, source_publication_date, source_table_id) VALUES ('mv_cma_sudbury_metric_cpi', 'cma_sudbury', 'metric_cpi', '2024', 158.3, 1, 'Ontario provincial CPI used as proxy', '2024-12-17', '18-10-0004-01');
INSERT INTO metric_values (id, cma_id, metric_id, period, value, is_proxy, proxy_note, source_publication_date, source_table_id) VALUES ('mv_cma_kingston_metric_cpi', 'cma_kingston', 'metric_cpi', '2024', 159.5, 1, 'Ontario provincial CPI used as proxy', '2024-12-17', '18-10-0004-01');
INSERT INTO metric_values (id, cma_id, metric_id, period, value, is_proxy, proxy_note, source_publication_date, source_table_id) VALUES ('mv_cma_saguenay_metric_cpi', 'cma_saguenay', 'metric_cpi', '2024', 155.2, 1, 'Quebec provincial CPI used as proxy', '2024-12-17', '18-10-0004-01');
INSERT INTO metric_values (id, cma_id, metric_id, period, value, is_proxy, proxy_note, source_publication_date, source_table_id) VALUES ('mv_cma_thunder_bay_metric_cpi', 'cma_thunder_bay', 'metric_cpi', '2024', 158.7, 1, 'Ontario provincial CPI used as proxy', '2024-12-17', '18-10-0004-01');
INSERT INTO metric_values (id, cma_id, metric_id, period, value, is_proxy, proxy_note, source_publication_date, source_table_id) VALUES ('mv_cma_saint_john_metric_cpi', 'cma_saint_john', 'metric_cpi', '2024', 156.4, 1, 'New Brunswick provincial CPI used as proxy', '2024-12-17', '18-10-0004-01');
INSERT INTO metric_values (id, cma_id, metric_id, period, value, is_proxy, proxy_note, source_publication_date, source_table_id) VALUES ('mv_cma_fredericton_metric_cpi', 'cma_fredericton', 'metric_cpi', '2024', 156.1, 1, 'New Brunswick provincial CPI used as proxy', '2024-12-17', '18-10-0004-01');
INSERT INTO metric_values (id, cma_id, metric_id, period, value, is_proxy, proxy_note, source_publication_date, source_table_id) VALUES ('mv_cma_moncton_metric_cpi', 'cma_moncton', 'metric_cpi', '2024', 156.7, 1, 'New Brunswick provincial CPI used as proxy', '2024-12-17', '18-10-0004-01');
INSERT INTO metric_values (id, cma_id, metric_id, period, value, is_proxy, proxy_note, source_publication_date, source_table_id) VALUES ('mv_cma_guelph_metric_cpi', 'cma_guelph', 'metric_cpi', '2024', 159.6, 1, 'Ontario provincial CPI used as proxy', '2024-12-17', '18-10-0004-01');
INSERT INTO metric_values (id, cma_id, metric_id, period, value, is_proxy, proxy_note, source_publication_date, source_table_id) VALUES ('mv_cma_brantford_metric_cpi', 'cma_brantford', 'metric_cpi', '2024', 159.2, 1, 'Ontario provincial CPI used as proxy', '2024-12-17', '18-10-0004-01');
INSERT INTO metric_values (id, cma_id, metric_id, period, value, is_proxy, proxy_note, source_publication_date, source_table_id) VALUES ('mv_cma_peterborough_metric_cpi', 'cma_peterborough', 'metric_cpi', '2024', 159.8, 1, 'Ontario provincial CPI used as proxy', '2024-12-17', '18-10-0004-01');
INSERT INTO metric_values (id, cma_id, metric_id, period, value, is_proxy, proxy_note, source_publication_date, source_table_id) VALUES ('mv_cma_lethbridge_metric_cpi', 'cma_lethbridge', 'metric_cpi', '2024', 155.7, 1, 'Alberta provincial CPI used as proxy', '2024-12-17', '18-10-0004-01');
INSERT INTO metric_values (id, cma_id, metric_id, period, value, is_proxy, proxy_note, source_publication_date, source_table_id) VALUES ('mv_cma_nanaimo_metric_cpi', 'cma_nanaimo', 'metric_cpi', '2024', 161.5, 1, 'BC provincial CPI used as proxy', '2024-12-17', '18-10-0004-01');
INSERT INTO metric_values (id, cma_id, metric_id, period, value, is_proxy, proxy_note, source_publication_date, source_table_id) VALUES ('mv_cma_red_deer_metric_cpi', 'cma_red_deer', 'metric_cpi', '2024', 155.3, 1, 'Alberta provincial CPI used as proxy', '2024-12-17', '18-10-0004-01');
INSERT INTO metric_values (id, cma_id, metric_id, period, value, is_proxy, proxy_note, source_publication_date, source_table_id) VALUES ('mv_cma_trois_rivieres_metric_cpi', 'cma_trois_rivieres', 'metric_cpi', '2024', 155.9, 1, 'Quebec provincial CPI used as proxy', '2024-12-17', '18-10-0004-01');
INSERT INTO metric_values (id, cma_id, metric_id, period, value, is_proxy, proxy_note, source_publication_date, source_table_id) VALUES ('mv_cma_toronto_metric_pop_growth', 'cma_toronto', 'metric_pop_growth', '2023', 8.2, 0, NULL, '2023-09-27', '17-10-0148-01');
INSERT INTO metric_values (id, cma_id, metric_id, period, value, is_proxy, proxy_note, source_publication_date, source_table_id) VALUES ('mv_cma_montreal_metric_pop_growth', 'cma_montreal', 'metric_pop_growth', '2023', 6.4, 0, NULL, '2023-09-27', '17-10-0148-01');
INSERT INTO metric_values (id, cma_id, metric_id, period, value, is_proxy, proxy_note, source_publication_date, source_table_id) VALUES ('mv_cma_vancouver_metric_pop_growth', 'cma_vancouver', 'metric_pop_growth', '2023', 9.3, 0, NULL, '2023-09-27', '17-10-0148-01');
INSERT INTO metric_values (id, cma_id, metric_id, period, value, is_proxy, proxy_note, source_publication_date, source_table_id) VALUES ('mv_cma_calgary_metric_pop_growth', 'cma_calgary', 'metric_pop_growth', '2023', 13.8, 0, NULL, '2023-09-27', '17-10-0148-01');
INSERT INTO metric_values (id, cma_id, metric_id, period, value, is_proxy, proxy_note, source_publication_date, source_table_id) VALUES ('mv_cma_edmonton_metric_pop_growth', 'cma_edmonton', 'metric_pop_growth', '2023', 11.2, 0, NULL, '2023-09-27', '17-10-0148-01');
INSERT INTO metric_values (id, cma_id, metric_id, period, value, is_proxy, proxy_note, source_publication_date, source_table_id) VALUES ('mv_cma_ottawa_metric_pop_growth', 'cma_ottawa', 'metric_pop_growth', '2023', 9.7, 0, NULL, '2023-09-27', '17-10-0148-01');
INSERT INTO metric_values (id, cma_id, metric_id, period, value, is_proxy, proxy_note, source_publication_date, source_table_id) VALUES ('mv_cma_winnipeg_metric_pop_growth', 'cma_winnipeg', 'metric_pop_growth', '2023', 7.6, 0, NULL, '2023-09-27', '17-10-0148-01');
INSERT INTO metric_values (id, cma_id, metric_id, period, value, is_proxy, proxy_note, source_publication_date, source_table_id) VALUES ('mv_cma_quebec_city_metric_pop_growth', 'cma_quebec_city', 'metric_pop_growth', '2023', 5.8, 0, NULL, '2023-09-27', '17-10-0148-01');
INSERT INTO metric_values (id, cma_id, metric_id, period, value, is_proxy, proxy_note, source_publication_date, source_table_id) VALUES ('mv_cma_hamilton_metric_pop_growth', 'cma_hamilton', 'metric_pop_growth', '2023', 7.1, 0, NULL, '2023-09-27', '17-10-0148-01');
INSERT INTO metric_values (id, cma_id, metric_id, period, value, is_proxy, proxy_note, source_publication_date, source_table_id) VALUES ('mv_cma_kitchener_metric_pop_growth', 'cma_kitchener', 'metric_pop_growth', '2023', 12.4, 0, NULL, '2023-09-27', '17-10-0148-01');
INSERT INTO metric_values (id, cma_id, metric_id, period, value, is_proxy, proxy_note, source_publication_date, source_table_id) VALUES ('mv_cma_london_metric_pop_growth', 'cma_london', 'metric_pop_growth', '2023', 8.9, 0, NULL, '2023-09-27', '17-10-0148-01');
INSERT INTO metric_values (id, cma_id, metric_id, period, value, is_proxy, proxy_note, source_publication_date, source_table_id) VALUES ('mv_cma_halifax_metric_pop_growth', 'cma_halifax', 'metric_pop_growth', '2023', 14.2, 0, NULL, '2023-09-27', '17-10-0148-01');
INSERT INTO metric_values (id, cma_id, metric_id, period, value, is_proxy, proxy_note, source_publication_date, source_table_id) VALUES ('mv_cma_oshawa_metric_pop_growth', 'cma_oshawa', 'metric_pop_growth', '2023', 9.8, 0, NULL, '2023-09-27', '17-10-0148-01');
INSERT INTO metric_values (id, cma_id, metric_id, period, value, is_proxy, proxy_note, source_publication_date, source_table_id) VALUES ('mv_cma_victoria_metric_pop_growth', 'cma_victoria', 'metric_pop_growth', '2023', 8.6, 0, NULL, '2023-09-27', '17-10-0148-01');
INSERT INTO metric_values (id, cma_id, metric_id, period, value, is_proxy, proxy_note, source_publication_date, source_table_id) VALUES ('mv_cma_windsor_metric_pop_growth', 'cma_windsor', 'metric_pop_growth', '2023', 5.2, 0, NULL, '2023-09-27', '17-10-0148-01');
INSERT INTO metric_values (id, cma_id, metric_id, period, value, is_proxy, proxy_note, source_publication_date, source_table_id) VALUES ('mv_cma_saskatoon_metric_pop_growth', 'cma_saskatoon', 'metric_pop_growth', '2023', 9.4, 0, NULL, '2023-09-27', '17-10-0148-01');
INSERT INTO metric_values (id, cma_id, metric_id, period, value, is_proxy, proxy_note, source_publication_date, source_table_id) VALUES ('mv_cma_regina_metric_pop_growth', 'cma_regina', 'metric_pop_growth', '2023', 5.7, 0, NULL, '2023-09-27', '17-10-0148-01');
INSERT INTO metric_values (id, cma_id, metric_id, period, value, is_proxy, proxy_note, source_publication_date, source_table_id) VALUES ('mv_cma_sherbrooke_metric_pop_growth', 'cma_sherbrooke', 'metric_pop_growth', '2023', 6.8, 0, NULL, '2023-09-27', '17-10-0148-01');
INSERT INTO metric_values (id, cma_id, metric_id, period, value, is_proxy, proxy_note, source_publication_date, source_table_id) VALUES ('mv_cma_barrie_metric_pop_growth', 'cma_barrie', 'metric_pop_growth', '2023', 9.1, 0, NULL, '2023-09-27', '17-10-0148-01');
INSERT INTO metric_values (id, cma_id, metric_id, period, value, is_proxy, proxy_note, source_publication_date, source_table_id) VALUES ('mv_cma_kelowna_metric_pop_growth', 'cma_kelowna', 'metric_pop_growth', '2023', 12.7, 0, NULL, '2023-09-27', '17-10-0148-01');
INSERT INTO metric_values (id, cma_id, metric_id, period, value, is_proxy, proxy_note, source_publication_date, source_table_id) VALUES ('mv_cma_abbotsford_metric_pop_growth', 'cma_abbotsford', 'metric_pop_growth', '2023', 10.3, 0, NULL, '2023-09-27', '17-10-0148-01');
INSERT INTO metric_values (id, cma_id, metric_id, period, value, is_proxy, proxy_note, source_publication_date, source_table_id) VALUES ('mv_cma_sudbury_metric_pop_growth', 'cma_sudbury', 'metric_pop_growth', '2023', 2.1, 0, NULL, '2023-09-27', '17-10-0148-01');
INSERT INTO metric_values (id, cma_id, metric_id, period, value, is_proxy, proxy_note, source_publication_date, source_table_id) VALUES ('mv_cma_kingston_metric_pop_growth', 'cma_kingston', 'metric_pop_growth', '2023', 7.4, 0, NULL, '2023-09-27', '17-10-0148-01');
INSERT INTO metric_values (id, cma_id, metric_id, period, value, is_proxy, proxy_note, source_publication_date, source_table_id) VALUES ('mv_cma_saguenay_metric_pop_growth', 'cma_saguenay', 'metric_pop_growth', '2023', 3.2, 0, NULL, '2023-09-27', '17-10-0148-01');
INSERT INTO metric_values (id, cma_id, metric_id, period, value, is_proxy, proxy_note, source_publication_date, source_table_id) VALUES ('mv_cma_thunder_bay_metric_pop_growth', 'cma_thunder_bay', 'metric_pop_growth', '2023', 1.8, 0, NULL, '2023-09-27', '17-10-0148-01');
INSERT INTO metric_values (id, cma_id, metric_id, period, value, is_proxy, proxy_note, source_publication_date, source_table_id) VALUES ('mv_cma_saint_john_metric_pop_growth', 'cma_saint_john', 'metric_pop_growth', '2023', 3.4, 0, NULL, '2023-09-27', '17-10-0148-01');
INSERT INTO metric_values (id, cma_id, metric_id, period, value, is_proxy, proxy_note, source_publication_date, source_table_id) VALUES ('mv_cma_fredericton_metric_pop_growth', 'cma_fredericton', 'metric_pop_growth', '2023', 8.7, 0, NULL, '2023-09-27', '17-10-0148-01');
INSERT INTO metric_values (id, cma_id, metric_id, period, value, is_proxy, proxy_note, source_publication_date, source_table_id) VALUES ('mv_cma_moncton_metric_pop_growth', 'cma_moncton', 'metric_pop_growth', '2023', 11.6, 0, NULL, '2023-09-27', '17-10-0148-01');
INSERT INTO metric_values (id, cma_id, metric_id, period, value, is_proxy, proxy_note, source_publication_date, source_table_id) VALUES ('mv_cma_guelph_metric_pop_growth', 'cma_guelph', 'metric_pop_growth', '2023', 11.2, 0, NULL, '2023-09-27', '17-10-0148-01');
INSERT INTO metric_values (id, cma_id, metric_id, period, value, is_proxy, proxy_note, source_publication_date, source_table_id) VALUES ('mv_cma_brantford_metric_pop_growth', 'cma_brantford', 'metric_pop_growth', '2023', 6.8, 0, NULL, '2023-09-27', '17-10-0148-01');
INSERT INTO metric_values (id, cma_id, metric_id, period, value, is_proxy, proxy_note, source_publication_date, source_table_id) VALUES ('mv_cma_peterborough_metric_pop_growth', 'cma_peterborough', 'metric_pop_growth', '2023', 5.6, 0, NULL, '2023-09-27', '17-10-0148-01');
INSERT INTO metric_values (id, cma_id, metric_id, period, value, is_proxy, proxy_note, source_publication_date, source_table_id) VALUES ('mv_cma_lethbridge_metric_pop_growth', 'cma_lethbridge', 'metric_pop_growth', '2023', 8.9, 0, NULL, '2023-09-27', '17-10-0148-01');
INSERT INTO metric_values (id, cma_id, metric_id, period, value, is_proxy, proxy_note, source_publication_date, source_table_id) VALUES ('mv_cma_nanaimo_metric_pop_growth', 'cma_nanaimo', 'metric_pop_growth', '2023', 9.7, 0, NULL, '2023-09-27', '17-10-0148-01');
INSERT INTO metric_values (id, cma_id, metric_id, period, value, is_proxy, proxy_note, source_publication_date, source_table_id) VALUES ('mv_cma_red_deer_metric_pop_growth', 'cma_red_deer', 'metric_pop_growth', '2023', 4.3, 0, NULL, '2023-09-27', '17-10-0148-01');
INSERT INTO metric_values (id, cma_id, metric_id, period, value, is_proxy, proxy_note, source_publication_date, source_table_id) VALUES ('mv_cma_trois_rivieres_metric_pop_growth', 'cma_trois_rivieres', 'metric_pop_growth', '2023', 4.7, 0, NULL, '2023-09-27', '17-10-0148-01');
INSERT INTO metric_values (id, cma_id, metric_id, period, value, is_proxy, proxy_note, source_publication_date, source_table_id) VALUES ('mv_cma_toronto_metric_csi', 'cma_toronto', 'metric_csi', '2023', 53.2, 0, NULL, '2024-07-22', '35-10-0026-01');
INSERT INTO metric_values (id, cma_id, metric_id, period, value, is_proxy, proxy_note, source_publication_date, source_table_id) VALUES ('mv_cma_montreal_metric_csi', 'cma_montreal', 'metric_csi', '2023', 62.1, 0, NULL, '2024-07-22', '35-10-0026-01');
INSERT INTO metric_values (id, cma_id, metric_id, period, value, is_proxy, proxy_note, source_publication_date, source_table_id) VALUES ('mv_cma_vancouver_metric_csi', 'cma_vancouver', 'metric_csi', '2023', 104.3, 0, NULL, '2024-07-22', '35-10-0026-01');
INSERT INTO metric_values (id, cma_id, metric_id, period, value, is_proxy, proxy_note, source_publication_date, source_table_id) VALUES ('mv_cma_calgary_metric_csi', 'cma_calgary', 'metric_csi', '2023', 77.4, 0, NULL, '2024-07-22', '35-10-0026-01');
INSERT INTO metric_values (id, cma_id, metric_id, period, value, is_proxy, proxy_note, source_publication_date, source_table_id) VALUES ('mv_cma_edmonton_metric_csi', 'cma_edmonton', 'metric_csi', '2023', 117.2, 0, NULL, '2024-07-22', '35-10-0026-01');
INSERT INTO metric_values (id, cma_id, metric_id, period, value, is_proxy, proxy_note, source_publication_date, source_table_id) VALUES ('mv_cma_ottawa_metric_csi', 'cma_ottawa', 'metric_csi', '2023', 51.8, 0, NULL, '2024-07-22', '35-10-0026-01');
INSERT INTO metric_values (id, cma_id, metric_id, period, value, is_proxy, proxy_note, source_publication_date, source_table_id) VALUES ('mv_cma_winnipeg_metric_csi', 'cma_winnipeg', 'metric_csi', '2023', 138.7, 0, NULL, '2024-07-22', '35-10-0026-01');
INSERT INTO metric_values (id, cma_id, metric_id, period, value, is_proxy, proxy_note, source_publication_date, source_table_id) VALUES ('mv_cma_quebec_city_metric_csi', 'cma_quebec_city', 'metric_csi', '2023', 48.2, 0, NULL, '2024-07-22', '35-10-0026-01');
INSERT INTO metric_values (id, cma_id, metric_id, period, value, is_proxy, proxy_note, source_publication_date, source_table_id) VALUES ('mv_cma_hamilton_metric_csi', 'cma_hamilton', 'metric_csi', '2023', 79.3, 0, NULL, '2024-07-22', '35-10-0026-01');
INSERT INTO metric_values (id, cma_id, metric_id, period, value, is_proxy, proxy_note, source_publication_date, source_table_id) VALUES ('mv_cma_kitchener_metric_csi', 'cma_kitchener', 'metric_csi', '2023', 63.4, 0, NULL, '2024-07-22', '35-10-0026-01');
INSERT INTO metric_values (id, cma_id, metric_id, period, value, is_proxy, proxy_note, source_publication_date, source_table_id) VALUES ('mv_cma_london_metric_csi', 'cma_london', 'metric_csi', '2023', 78.9, 0, NULL, '2024-07-22', '35-10-0026-01');
INSERT INTO metric_values (id, cma_id, metric_id, period, value, is_proxy, proxy_note, source_publication_date, source_table_id) VALUES ('mv_cma_halifax_metric_csi', 'cma_halifax', 'metric_csi', '2023', 59.7, 0, NULL, '2024-07-22', '35-10-0026-01');
INSERT INTO metric_values (id, cma_id, metric_id, period, value, is_proxy, proxy_note, source_publication_date, source_table_id) VALUES ('mv_cma_oshawa_metric_csi', 'cma_oshawa', 'metric_csi', '2023', 72.1, 0, NULL, '2024-07-22', '35-10-0026-01');
INSERT INTO metric_values (id, cma_id, metric_id, period, value, is_proxy, proxy_note, source_publication_date, source_table_id) VALUES ('mv_cma_victoria_metric_csi', 'cma_victoria', 'metric_csi', '2023', 98.6, 0, NULL, '2024-07-22', '35-10-0026-01');
INSERT INTO metric_values (id, cma_id, metric_id, period, value, is_proxy, proxy_note, source_publication_date, source_table_id) VALUES ('mv_cma_windsor_metric_csi', 'cma_windsor', 'metric_csi', '2023', 75.4, 0, NULL, '2024-07-22', '35-10-0026-01');
INSERT INTO metric_values (id, cma_id, metric_id, period, value, is_proxy, proxy_note, source_publication_date, source_table_id) VALUES ('mv_cma_saskatoon_metric_csi', 'cma_saskatoon', 'metric_csi', '2023', 143.2, 0, NULL, '2024-07-22', '35-10-0026-01');
INSERT INTO metric_values (id, cma_id, metric_id, period, value, is_proxy, proxy_note, source_publication_date, source_table_id) VALUES ('mv_cma_regina_metric_csi', 'cma_regina', 'metric_csi', '2023', 154.8, 0, NULL, '2024-07-22', '35-10-0026-01');
INSERT INTO metric_values (id, cma_id, metric_id, period, value, is_proxy, proxy_note, source_publication_date, source_table_id) VALUES ('mv_cma_sherbrooke_metric_csi', 'cma_sherbrooke', 'metric_csi', '2023', 49.3, 0, NULL, '2024-07-22', '35-10-0026-01');
INSERT INTO metric_values (id, cma_id, metric_id, period, value, is_proxy, proxy_note, source_publication_date, source_table_id) VALUES ('mv_cma_barrie_metric_csi', 'cma_barrie', 'metric_csi', '2023', 68.2, 0, NULL, '2024-07-22', '35-10-0026-01');
INSERT INTO metric_values (id, cma_id, metric_id, period, value, is_proxy, proxy_note, source_publication_date, source_table_id) VALUES ('mv_cma_kelowna_metric_csi', 'cma_kelowna', 'metric_csi', '2023', 112.4, 0, NULL, '2024-07-22', '35-10-0026-01');
INSERT INTO metric_values (id, cma_id, metric_id, period, value, is_proxy, proxy_note, source_publication_date, source_table_id) VALUES ('mv_cma_abbotsford_metric_csi', 'cma_abbotsford', 'metric_csi', '2023', 98.7, 0, NULL, '2024-07-22', '35-10-0026-01');
INSERT INTO metric_values (id, cma_id, metric_id, period, value, is_proxy, proxy_note, source_publication_date, source_table_id) VALUES ('mv_cma_sudbury_metric_csi', 'cma_sudbury', 'metric_csi', '2023', 89.2, 0, NULL, '2024-07-22', '35-10-0026-01');
INSERT INTO metric_values (id, cma_id, metric_id, period, value, is_proxy, proxy_note, source_publication_date, source_table_id) VALUES ('mv_cma_kingston_metric_csi', 'cma_kingston', 'metric_csi', '2023', 58.4, 0, NULL, '2024-07-22', '35-10-0026-01');
INSERT INTO metric_values (id, cma_id, metric_id, period, value, is_proxy, proxy_note, source_publication_date, source_table_id) VALUES ('mv_cma_saguenay_metric_csi', 'cma_saguenay', 'metric_csi', '2023', 46.1, 0, NULL, '2024-07-22', '35-10-0026-01');
INSERT INTO metric_values (id, cma_id, metric_id, period, value, is_proxy, proxy_note, source_publication_date, source_table_id) VALUES ('mv_cma_thunder_bay_metric_csi', 'cma_thunder_bay', 'metric_csi', '2023', 162.3, 0, NULL, '2024-07-22', '35-10-0026-01');
INSERT INTO metric_values (id, cma_id, metric_id, period, value, is_proxy, proxy_note, source_publication_date, source_table_id) VALUES ('mv_cma_saint_john_metric_csi', 'cma_saint_john', 'metric_csi', '2023', 92.4, 0, NULL, '2024-07-22', '35-10-0026-01');
INSERT INTO metric_values (id, cma_id, metric_id, period, value, is_proxy, proxy_note, source_publication_date, source_table_id) VALUES ('mv_cma_fredericton_metric_csi', 'cma_fredericton', 'metric_csi', '2023', 71.3, 0, NULL, '2024-07-22', '35-10-0026-01');
INSERT INTO metric_values (id, cma_id, metric_id, period, value, is_proxy, proxy_note, source_publication_date, source_table_id) VALUES ('mv_cma_moncton_metric_csi', 'cma_moncton', 'metric_csi', '2023', 88.6, 0, NULL, '2024-07-22', '35-10-0026-01');
INSERT INTO metric_values (id, cma_id, metric_id, period, value, is_proxy, proxy_note, source_publication_date, source_table_id) VALUES ('mv_cma_guelph_metric_csi', 'cma_guelph', 'metric_csi', '2023', 57.2, 0, NULL, '2024-07-22', '35-10-0026-01');
INSERT INTO metric_values (id, cma_id, metric_id, period, value, is_proxy, proxy_note, source_publication_date, source_table_id) VALUES ('mv_cma_brantford_metric_csi', 'cma_brantford', 'metric_csi', '2023', 82.1, 0, NULL, '2024-07-22', '35-10-0026-01');
INSERT INTO metric_values (id, cma_id, metric_id, period, value, is_proxy, proxy_note, source_publication_date, source_table_id) VALUES ('mv_cma_peterborough_metric_csi', 'cma_peterborough', 'metric_csi', '2023', 71.8, 0, NULL, '2024-07-22', '35-10-0026-01');
INSERT INTO metric_values (id, cma_id, metric_id, period, value, is_proxy, proxy_note, source_publication_date, source_table_id) VALUES ('mv_cma_lethbridge_metric_csi', 'cma_lethbridge', 'metric_csi', '2023', 126.4, 0, NULL, '2024-07-22', '35-10-0026-01');
INSERT INTO metric_values (id, cma_id, metric_id, period, value, is_proxy, proxy_note, source_publication_date, source_table_id) VALUES ('mv_cma_nanaimo_metric_csi', 'cma_nanaimo', 'metric_csi', '2023', 118.7, 0, NULL, '2024-07-22', '35-10-0026-01');
INSERT INTO metric_values (id, cma_id, metric_id, period, value, is_proxy, proxy_note, source_publication_date, source_table_id) VALUES ('mv_cma_red_deer_metric_csi', 'cma_red_deer', 'metric_csi', '2023', 139.6, 0, NULL, '2024-07-22', '35-10-0026-01');
INSERT INTO metric_values (id, cma_id, metric_id, period, value, is_proxy, proxy_note, source_publication_date, source_table_id) VALUES ('mv_cma_trois_rivieres_metric_csi', 'cma_trois_rivieres', 'metric_csi', '2023', 67.4, 0, NULL, '2024-07-22', '35-10-0026-01');
INSERT INTO metric_values (id, cma_id, metric_id, period, value, is_proxy, proxy_note, source_publication_date, source_table_id) VALUES ('mv_cma_toronto_metric_aqhi', 'cma_toronto', 'metric_aqhi', '2024', 3.2, 0, NULL, '2024-11-30', NULL);
INSERT INTO metric_values (id, cma_id, metric_id, period, value, is_proxy, proxy_note, source_publication_date, source_table_id) VALUES ('mv_cma_montreal_metric_aqhi', 'cma_montreal', 'metric_aqhi', '2024', 2.8, 0, NULL, '2024-11-30', NULL);
INSERT INTO metric_values (id, cma_id, metric_id, period, value, is_proxy, proxy_note, source_publication_date, source_table_id) VALUES ('mv_cma_vancouver_metric_aqhi', 'cma_vancouver', 'metric_aqhi', '2024', 3.1, 0, NULL, '2024-11-30', NULL);
INSERT INTO metric_values (id, cma_id, metric_id, period, value, is_proxy, proxy_note, source_publication_date, source_table_id) VALUES ('mv_cma_calgary_metric_aqhi', 'cma_calgary', 'metric_aqhi', '2024', 2.4, 0, NULL, '2024-11-30', NULL);
INSERT INTO metric_values (id, cma_id, metric_id, period, value, is_proxy, proxy_note, source_publication_date, source_table_id) VALUES ('mv_cma_edmonton_metric_aqhi', 'cma_edmonton', 'metric_aqhi', '2024', 2.7, 0, NULL, '2024-11-30', NULL);
INSERT INTO metric_values (id, cma_id, metric_id, period, value, is_proxy, proxy_note, source_publication_date, source_table_id) VALUES ('mv_cma_ottawa_metric_aqhi', 'cma_ottawa', 'metric_aqhi', '2024', 2.6, 0, NULL, '2024-11-30', NULL);
INSERT INTO metric_values (id, cma_id, metric_id, period, value, is_proxy, proxy_note, source_publication_date, source_table_id) VALUES ('mv_cma_winnipeg_metric_aqhi', 'cma_winnipeg', 'metric_aqhi', '2024', 2.3, 0, NULL, '2024-11-30', NULL);
INSERT INTO metric_values (id, cma_id, metric_id, period, value, is_proxy, proxy_note, source_publication_date, source_table_id) VALUES ('mv_cma_quebec_city_metric_aqhi', 'cma_quebec_city', 'metric_aqhi', '2024', 2.1, 0, NULL, '2024-11-30', NULL);
INSERT INTO metric_values (id, cma_id, metric_id, period, value, is_proxy, proxy_note, source_publication_date, source_table_id) VALUES ('mv_cma_hamilton_metric_aqhi', 'cma_hamilton', 'metric_aqhi', '2024', 3.4, 0, NULL, '2024-11-30', NULL);
INSERT INTO metric_values (id, cma_id, metric_id, period, value, is_proxy, proxy_note, source_publication_date, source_table_id) VALUES ('mv_cma_kitchener_metric_aqhi', 'cma_kitchener', 'metric_aqhi', '2024', 3, 0, NULL, '2024-11-30', NULL);
INSERT INTO metric_values (id, cma_id, metric_id, period, value, is_proxy, proxy_note, source_publication_date, source_table_id) VALUES ('mv_cma_london_metric_aqhi', 'cma_london', 'metric_aqhi', '2024', 2.9, 0, NULL, '2024-11-30', NULL);
INSERT INTO metric_values (id, cma_id, metric_id, period, value, is_proxy, proxy_note, source_publication_date, source_table_id) VALUES ('mv_cma_halifax_metric_aqhi', 'cma_halifax', 'metric_aqhi', '2024', 2.2, 0, NULL, '2024-11-30', NULL);
INSERT INTO metric_values (id, cma_id, metric_id, period, value, is_proxy, proxy_note, source_publication_date, source_table_id) VALUES ('mv_cma_oshawa_metric_aqhi', 'cma_oshawa', 'metric_aqhi', '2024', 3.3, 0, NULL, '2024-11-30', NULL);
INSERT INTO metric_values (id, cma_id, metric_id, period, value, is_proxy, proxy_note, source_publication_date, source_table_id) VALUES ('mv_cma_victoria_metric_aqhi', 'cma_victoria', 'metric_aqhi', '2024', 2.4, 0, NULL, '2024-11-30', NULL);
INSERT INTO metric_values (id, cma_id, metric_id, period, value, is_proxy, proxy_note, source_publication_date, source_table_id) VALUES ('mv_cma_windsor_metric_aqhi', 'cma_windsor', 'metric_aqhi', '2024', 3.6, 0, NULL, '2024-11-30', NULL);
INSERT INTO metric_values (id, cma_id, metric_id, period, value, is_proxy, proxy_note, source_publication_date, source_table_id) VALUES ('mv_cma_saskatoon_metric_aqhi', 'cma_saskatoon', 'metric_aqhi', '2024', 2.8, 0, NULL, '2024-11-30', NULL);
INSERT INTO metric_values (id, cma_id, metric_id, period, value, is_proxy, proxy_note, source_publication_date, source_table_id) VALUES ('mv_cma_regina_metric_aqhi', 'cma_regina', 'metric_aqhi', '2024', 2.6, 0, NULL, '2024-11-30', NULL);
INSERT INTO metric_values (id, cma_id, metric_id, period, value, is_proxy, proxy_note, source_publication_date, source_table_id) VALUES ('mv_cma_sherbrooke_metric_aqhi', 'cma_sherbrooke', 'metric_aqhi', '2024', 2.3, 0, NULL, '2024-11-30', NULL);
INSERT INTO metric_values (id, cma_id, metric_id, period, value, is_proxy, proxy_note, source_publication_date, source_table_id) VALUES ('mv_cma_barrie_metric_aqhi', 'cma_barrie', 'metric_aqhi', '2024', 2.7, 0, NULL, '2024-11-30', NULL);
INSERT INTO metric_values (id, cma_id, metric_id, period, value, is_proxy, proxy_note, source_publication_date, source_table_id) VALUES ('mv_cma_kelowna_metric_aqhi', 'cma_kelowna', 'metric_aqhi', '2024', 2.9, 0, NULL, '2024-11-30', NULL);
INSERT INTO metric_values (id, cma_id, metric_id, period, value, is_proxy, proxy_note, source_publication_date, source_table_id) VALUES ('mv_cma_abbotsford_metric_aqhi', 'cma_abbotsford', 'metric_aqhi', '2024', 3.2, 0, NULL, '2024-11-30', NULL);
INSERT INTO metric_values (id, cma_id, metric_id, period, value, is_proxy, proxy_note, source_publication_date, source_table_id) VALUES ('mv_cma_sudbury_metric_aqhi', 'cma_sudbury', 'metric_aqhi', '2024', 2.4, 0, NULL, '2024-11-30', NULL);
INSERT INTO metric_values (id, cma_id, metric_id, period, value, is_proxy, proxy_note, source_publication_date, source_table_id) VALUES ('mv_cma_kingston_metric_aqhi', 'cma_kingston', 'metric_aqhi', '2024', 2.5, 0, NULL, '2024-11-30', NULL);
INSERT INTO metric_values (id, cma_id, metric_id, period, value, is_proxy, proxy_note, source_publication_date, source_table_id) VALUES ('mv_cma_saguenay_metric_aqhi', 'cma_saguenay', 'metric_aqhi', '2024', 2.2, 0, NULL, '2024-11-30', NULL);
INSERT INTO metric_values (id, cma_id, metric_id, period, value, is_proxy, proxy_note, source_publication_date, source_table_id) VALUES ('mv_cma_thunder_bay_metric_aqhi', 'cma_thunder_bay', 'metric_aqhi', '2024', 2.6, 0, NULL, '2024-11-30', NULL);
INSERT INTO metric_values (id, cma_id, metric_id, period, value, is_proxy, proxy_note, source_publication_date, source_table_id) VALUES ('mv_cma_saint_john_metric_aqhi', 'cma_saint_john', 'metric_aqhi', '2024', 2.3, 0, NULL, '2024-11-30', NULL);
INSERT INTO metric_values (id, cma_id, metric_id, period, value, is_proxy, proxy_note, source_publication_date, source_table_id) VALUES ('mv_cma_fredericton_metric_aqhi', 'cma_fredericton', 'metric_aqhi', '2024', 2.4, 0, NULL, '2024-11-30', NULL);
INSERT INTO metric_values (id, cma_id, metric_id, period, value, is_proxy, proxy_note, source_publication_date, source_table_id) VALUES ('mv_cma_moncton_metric_aqhi', 'cma_moncton', 'metric_aqhi', '2024', 2.3, 0, NULL, '2024-11-30', NULL);
INSERT INTO metric_values (id, cma_id, metric_id, period, value, is_proxy, proxy_note, source_publication_date, source_table_id) VALUES ('mv_cma_guelph_metric_aqhi', 'cma_guelph', 'metric_aqhi', '2024', 2.9, 0, NULL, '2024-11-30', NULL);
INSERT INTO metric_values (id, cma_id, metric_id, period, value, is_proxy, proxy_note, source_publication_date, source_table_id) VALUES ('mv_cma_brantford_metric_aqhi', 'cma_brantford', 'metric_aqhi', '2024', 3.1, 0, NULL, '2024-11-30', NULL);
INSERT INTO metric_values (id, cma_id, metric_id, period, value, is_proxy, proxy_note, source_publication_date, source_table_id) VALUES ('mv_cma_peterborough_metric_aqhi', 'cma_peterborough', 'metric_aqhi', '2024', 2.7, 0, NULL, '2024-11-30', NULL);
INSERT INTO metric_values (id, cma_id, metric_id, period, value, is_proxy, proxy_note, source_publication_date, source_table_id) VALUES ('mv_cma_lethbridge_metric_aqhi', 'cma_lethbridge', 'metric_aqhi', '2024', 2.5, 0, NULL, '2024-11-30', NULL);
INSERT INTO metric_values (id, cma_id, metric_id, period, value, is_proxy, proxy_note, source_publication_date, source_table_id) VALUES ('mv_cma_nanaimo_metric_aqhi', 'cma_nanaimo', 'metric_aqhi', '2024', 2.6, 0, NULL, '2024-11-30', NULL);
INSERT INTO metric_values (id, cma_id, metric_id, period, value, is_proxy, proxy_note, source_publication_date, source_table_id) VALUES ('mv_cma_red_deer_metric_aqhi', 'cma_red_deer', 'metric_aqhi', '2024', 2.8, 0, NULL, '2024-11-30', NULL);
INSERT INTO metric_values (id, cma_id, metric_id, period, value, is_proxy, proxy_note, source_publication_date, source_table_id) VALUES ('mv_cma_trois_rivieres_metric_aqhi', 'cma_trois_rivieres', 'metric_aqhi', '2024', 2.2, 0, NULL, '2024-11-30', NULL);
INSERT INTO metric_values (id, cma_id, metric_id, period, value, is_proxy, proxy_note, source_publication_date, source_table_id) VALUES ('mv_cma_toronto_metric_population', 'cma_toronto', 'metric_population', '2023', 6712341, 0, NULL, '2023-09-27', '17-10-0148-01');
INSERT INTO metric_values (id, cma_id, metric_id, period, value, is_proxy, proxy_note, source_publication_date, source_table_id) VALUES ('mv_cma_montreal_metric_population', 'cma_montreal', 'metric_population', '2023', 4291732, 0, NULL, '2023-09-27', '17-10-0148-01');
INSERT INTO metric_values (id, cma_id, metric_id, period, value, is_proxy, proxy_note, source_publication_date, source_table_id) VALUES ('mv_cma_vancouver_metric_population', 'cma_vancouver', 'metric_population', '2023', 2756340, 0, NULL, '2023-09-27', '17-10-0148-01');
INSERT INTO metric_values (id, cma_id, metric_id, period, value, is_proxy, proxy_note, source_publication_date, source_table_id) VALUES ('mv_cma_calgary_metric_population', 'cma_calgary', 'metric_population', '2023', 1643966, 0, NULL, '2023-09-27', '17-10-0148-01');
INSERT INTO metric_values (id, cma_id, metric_id, period, value, is_proxy, proxy_note, source_publication_date, source_table_id) VALUES ('mv_cma_edmonton_metric_population', 'cma_edmonton', 'metric_population', '2023', 1487969, 0, NULL, '2023-09-27', '17-10-0148-01');
INSERT INTO metric_values (id, cma_id, metric_id, period, value, is_proxy, proxy_note, source_publication_date, source_table_id) VALUES ('mv_cma_ottawa_metric_population', 'cma_ottawa', 'metric_population', '2023', 1488307, 0, NULL, '2023-09-27', '17-10-0148-01');
INSERT INTO metric_values (id, cma_id, metric_id, period, value, is_proxy, proxy_note, source_publication_date, source_table_id) VALUES ('mv_cma_winnipeg_metric_population', 'cma_winnipeg', 'metric_population', '2023', 940409, 0, NULL, '2023-09-27', '17-10-0148-01');
INSERT INTO metric_values (id, cma_id, metric_id, period, value, is_proxy, proxy_note, source_publication_date, source_table_id) VALUES ('mv_cma_quebec_city_metric_population', 'cma_quebec_city', 'metric_population', '2023', 870000, 0, NULL, '2023-09-27', '17-10-0148-01');
INSERT INTO metric_values (id, cma_id, metric_id, period, value, is_proxy, proxy_note, source_publication_date, source_table_id) VALUES ('mv_cma_hamilton_metric_population', 'cma_hamilton', 'metric_population', '2023', 824340, 0, NULL, '2023-09-27', '17-10-0148-01');
INSERT INTO metric_values (id, cma_id, metric_id, period, value, is_proxy, proxy_note, source_publication_date, source_table_id) VALUES ('mv_cma_kitchener_metric_population', 'cma_kitchener', 'metric_population', '2023', 643327, 0, NULL, '2023-09-27', '17-10-0148-01');
INSERT INTO metric_values (id, cma_id, metric_id, period, value, is_proxy, proxy_note, source_publication_date, source_table_id) VALUES ('mv_cma_london_metric_population', 'cma_london', 'metric_population', '2023', 578432, 0, NULL, '2023-09-27', '17-10-0148-01');
INSERT INTO metric_values (id, cma_id, metric_id, period, value, is_proxy, proxy_note, source_publication_date, source_table_id) VALUES ('mv_cma_halifax_metric_population', 'cma_halifax', 'metric_population', '2023', 475463, 0, NULL, '2023-09-27', '17-10-0148-01');
INSERT INTO metric_values (id, cma_id, metric_id, period, value, is_proxy, proxy_note, source_publication_date, source_table_id) VALUES ('mv_cma_oshawa_metric_population', 'cma_oshawa', 'metric_population', '2023', 415311, 0, NULL, '2023-09-27', '17-10-0148-01');
INSERT INTO metric_values (id, cma_id, metric_id, period, value, is_proxy, proxy_note, source_publication_date, source_table_id) VALUES ('mv_cma_victoria_metric_population', 'cma_victoria', 'metric_population', '2023', 406612, 0, NULL, '2023-09-27', '17-10-0148-01');
INSERT INTO metric_values (id, cma_id, metric_id, period, value, is_proxy, proxy_note, source_publication_date, source_table_id) VALUES ('mv_cma_windsor_metric_population', 'cma_windsor', 'metric_population', '2023', 368381, 0, NULL, '2023-09-27', '17-10-0148-01');
INSERT INTO metric_values (id, cma_id, metric_id, period, value, is_proxy, proxy_note, source_publication_date, source_table_id) VALUES ('mv_cma_saskatoon_metric_population', 'cma_saskatoon', 'metric_population', '2023', 355543, 0, NULL, '2023-09-27', '17-10-0148-01');
INSERT INTO metric_values (id, cma_id, metric_id, period, value, is_proxy, proxy_note, source_publication_date, source_table_id) VALUES ('mv_cma_regina_metric_population', 'cma_regina', 'metric_population', '2023', 302970, 0, NULL, '2023-09-27', '17-10-0148-01');
INSERT INTO metric_values (id, cma_id, metric_id, period, value, is_proxy, proxy_note, source_publication_date, source_table_id) VALUES ('mv_cma_sherbrooke_metric_population', 'cma_sherbrooke', 'metric_population', '2023', 225000, 0, NULL, '2023-09-27', '17-10-0148-01');
INSERT INTO metric_values (id, cma_id, metric_id, period, value, is_proxy, proxy_note, source_publication_date, source_table_id) VALUES ('mv_cma_barrie_metric_population', 'cma_barrie', 'metric_population', '2023', 218134, 0, NULL, '2023-09-27', '17-10-0148-01');
INSERT INTO metric_values (id, cma_id, metric_id, period, value, is_proxy, proxy_note, source_publication_date, source_table_id) VALUES ('mv_cma_kelowna_metric_population', 'cma_kelowna', 'metric_population', '2023', 222162, 0, NULL, '2023-09-27', '17-10-0148-01');
INSERT INTO metric_values (id, cma_id, metric_id, period, value, is_proxy, proxy_note, source_publication_date, source_table_id) VALUES ('mv_cma_abbotsford_metric_population', 'cma_abbotsford', 'metric_population', '2023', 209278, 0, NULL, '2023-09-27', '17-10-0148-01');
INSERT INTO metric_values (id, cma_id, metric_id, period, value, is_proxy, proxy_note, source_publication_date, source_table_id) VALUES ('mv_cma_sudbury_metric_population', 'cma_sudbury', 'metric_population', '2023', 176000, 0, NULL, '2023-09-27', '17-10-0148-01');
INSERT INTO metric_values (id, cma_id, metric_id, period, value, is_proxy, proxy_note, source_publication_date, source_table_id) VALUES ('mv_cma_kingston_metric_population', 'cma_kingston', 'metric_population', '2023', 172546, 0, NULL, '2023-09-27', '17-10-0148-01');
INSERT INTO metric_values (id, cma_id, metric_id, period, value, is_proxy, proxy_note, source_publication_date, source_table_id) VALUES ('mv_cma_saguenay_metric_population', 'cma_saguenay', 'metric_population', '2023', 170000, 0, NULL, '2023-09-27', '17-10-0148-01');
INSERT INTO metric_values (id, cma_id, metric_id, period, value, is_proxy, proxy_note, source_publication_date, source_table_id) VALUES ('mv_cma_thunder_bay_metric_population', 'cma_thunder_bay', 'metric_population', '2023', 134000, 0, NULL, '2023-09-27', '17-10-0148-01');
INSERT INTO metric_values (id, cma_id, metric_id, period, value, is_proxy, proxy_note, source_publication_date, source_table_id) VALUES ('mv_cma_saint_john_metric_population', 'cma_saint_john', 'metric_population', '2023', 127000, 0, NULL, '2023-09-27', '17-10-0148-01');
INSERT INTO metric_values (id, cma_id, metric_id, period, value, is_proxy, proxy_note, source_publication_date, source_table_id) VALUES ('mv_cma_fredericton_metric_population', 'cma_fredericton', 'metric_population', '2023', 107000, 0, NULL, '2023-09-27', '17-10-0148-01');
INSERT INTO metric_values (id, cma_id, metric_id, period, value, is_proxy, proxy_note, source_publication_date, source_table_id) VALUES ('mv_cma_moncton_metric_population', 'cma_moncton', 'metric_population', '2023', 160000, 0, NULL, '2023-09-27', '17-10-0148-01');
INSERT INTO metric_values (id, cma_id, metric_id, period, value, is_proxy, proxy_note, source_publication_date, source_table_id) VALUES ('mv_cma_guelph_metric_population', 'cma_guelph', 'metric_population', '2023', 191748, 0, NULL, '2023-09-27', '17-10-0148-01');
INSERT INTO metric_values (id, cma_id, metric_id, period, value, is_proxy, proxy_note, source_publication_date, source_table_id) VALUES ('mv_cma_brantford_metric_population', 'cma_brantford', 'metric_population', '2023', 141000, 0, NULL, '2023-09-27', '17-10-0148-01');
INSERT INTO metric_values (id, cma_id, metric_id, period, value, is_proxy, proxy_note, source_publication_date, source_table_id) VALUES ('mv_cma_peterborough_metric_population', 'cma_peterborough', 'metric_population', '2023', 139000, 0, NULL, '2023-09-27', '17-10-0148-01');
INSERT INTO metric_values (id, cma_id, metric_id, period, value, is_proxy, proxy_note, source_publication_date, source_table_id) VALUES ('mv_cma_lethbridge_metric_population', 'cma_lethbridge', 'metric_population', '2023', 128000, 0, NULL, '2023-09-27', '17-10-0148-01');
INSERT INTO metric_values (id, cma_id, metric_id, period, value, is_proxy, proxy_note, source_publication_date, source_table_id) VALUES ('mv_cma_nanaimo_metric_population', 'cma_nanaimo', 'metric_population', '2023', 114000, 0, NULL, '2023-09-27', '17-10-0148-01');
INSERT INTO metric_values (id, cma_id, metric_id, period, value, is_proxy, proxy_note, source_publication_date, source_table_id) VALUES ('mv_cma_red_deer_metric_population', 'cma_red_deer', 'metric_population', '2023', 113000, 0, NULL, '2023-09-27', '17-10-0148-01');
INSERT INTO metric_values (id, cma_id, metric_id, period, value, is_proxy, proxy_note, source_publication_date, source_table_id) VALUES ('mv_cma_trois_rivieres_metric_population', 'cma_trois_rivieres', 'metric_population', '2023', 164000, 0, NULL, '2023-09-27', '17-10-0148-01');
INSERT INTO metric_values (id, cma_id, metric_id, period, value, is_proxy, proxy_note, source_publication_date, source_table_id) VALUES ('mv_cma_toronto_metric_pop_growth_5yr', 'cma_toronto', 'metric_pop_growth_5yr', '2023', 8.2, 0, NULL, '2023-09-27', '17-10-0148-01');
INSERT INTO metric_values (id, cma_id, metric_id, period, value, is_proxy, proxy_note, source_publication_date, source_table_id) VALUES ('mv_cma_montreal_metric_pop_growth_5yr', 'cma_montreal', 'metric_pop_growth_5yr', '2023', 6.4, 0, NULL, '2023-09-27', '17-10-0148-01');
INSERT INTO metric_values (id, cma_id, metric_id, period, value, is_proxy, proxy_note, source_publication_date, source_table_id) VALUES ('mv_cma_vancouver_metric_pop_growth_5yr', 'cma_vancouver', 'metric_pop_growth_5yr', '2023', 9.3, 0, NULL, '2023-09-27', '17-10-0148-01');
INSERT INTO metric_values (id, cma_id, metric_id, period, value, is_proxy, proxy_note, source_publication_date, source_table_id) VALUES ('mv_cma_calgary_metric_pop_growth_5yr', 'cma_calgary', 'metric_pop_growth_5yr', '2023', 13.8, 0, NULL, '2023-09-27', '17-10-0148-01');
INSERT INTO metric_values (id, cma_id, metric_id, period, value, is_proxy, proxy_note, source_publication_date, source_table_id) VALUES ('mv_cma_edmonton_metric_pop_growth_5yr', 'cma_edmonton', 'metric_pop_growth_5yr', '2023', 11.2, 0, NULL, '2023-09-27', '17-10-0148-01');
INSERT INTO metric_values (id, cma_id, metric_id, period, value, is_proxy, proxy_note, source_publication_date, source_table_id) VALUES ('mv_cma_ottawa_metric_pop_growth_5yr', 'cma_ottawa', 'metric_pop_growth_5yr', '2023', 9.7, 0, NULL, '2023-09-27', '17-10-0148-01');
INSERT INTO metric_values (id, cma_id, metric_id, period, value, is_proxy, proxy_note, source_publication_date, source_table_id) VALUES ('mv_cma_winnipeg_metric_pop_growth_5yr', 'cma_winnipeg', 'metric_pop_growth_5yr', '2023', 7.6, 0, NULL, '2023-09-27', '17-10-0148-01');
INSERT INTO metric_values (id, cma_id, metric_id, period, value, is_proxy, proxy_note, source_publication_date, source_table_id) VALUES ('mv_cma_quebec_city_metric_pop_growth_5yr', 'cma_quebec_city', 'metric_pop_growth_5yr', '2023', 5.8, 0, NULL, '2023-09-27', '17-10-0148-01');
INSERT INTO metric_values (id, cma_id, metric_id, period, value, is_proxy, proxy_note, source_publication_date, source_table_id) VALUES ('mv_cma_hamilton_metric_pop_growth_5yr', 'cma_hamilton', 'metric_pop_growth_5yr', '2023', 7.1, 0, NULL, '2023-09-27', '17-10-0148-01');
INSERT INTO metric_values (id, cma_id, metric_id, period, value, is_proxy, proxy_note, source_publication_date, source_table_id) VALUES ('mv_cma_kitchener_metric_pop_growth_5yr', 'cma_kitchener', 'metric_pop_growth_5yr', '2023', 12.4, 0, NULL, '2023-09-27', '17-10-0148-01');
INSERT INTO metric_values (id, cma_id, metric_id, period, value, is_proxy, proxy_note, source_publication_date, source_table_id) VALUES ('mv_cma_london_metric_pop_growth_5yr', 'cma_london', 'metric_pop_growth_5yr', '2023', 8.9, 0, NULL, '2023-09-27', '17-10-0148-01');
INSERT INTO metric_values (id, cma_id, metric_id, period, value, is_proxy, proxy_note, source_publication_date, source_table_id) VALUES ('mv_cma_halifax_metric_pop_growth_5yr', 'cma_halifax', 'metric_pop_growth_5yr', '2023', 14.2, 0, NULL, '2023-09-27', '17-10-0148-01');
INSERT INTO metric_values (id, cma_id, metric_id, period, value, is_proxy, proxy_note, source_publication_date, source_table_id) VALUES ('mv_cma_oshawa_metric_pop_growth_5yr', 'cma_oshawa', 'metric_pop_growth_5yr', '2023', 9.8, 0, NULL, '2023-09-27', '17-10-0148-01');
INSERT INTO metric_values (id, cma_id, metric_id, period, value, is_proxy, proxy_note, source_publication_date, source_table_id) VALUES ('mv_cma_victoria_metric_pop_growth_5yr', 'cma_victoria', 'metric_pop_growth_5yr', '2023', 8.6, 0, NULL, '2023-09-27', '17-10-0148-01');
INSERT INTO metric_values (id, cma_id, metric_id, period, value, is_proxy, proxy_note, source_publication_date, source_table_id) VALUES ('mv_cma_windsor_metric_pop_growth_5yr', 'cma_windsor', 'metric_pop_growth_5yr', '2023', 5.2, 0, NULL, '2023-09-27', '17-10-0148-01');
INSERT INTO metric_values (id, cma_id, metric_id, period, value, is_proxy, proxy_note, source_publication_date, source_table_id) VALUES ('mv_cma_saskatoon_metric_pop_growth_5yr', 'cma_saskatoon', 'metric_pop_growth_5yr', '2023', 9.4, 0, NULL, '2023-09-27', '17-10-0148-01');
INSERT INTO metric_values (id, cma_id, metric_id, period, value, is_proxy, proxy_note, source_publication_date, source_table_id) VALUES ('mv_cma_regina_metric_pop_growth_5yr', 'cma_regina', 'metric_pop_growth_5yr', '2023', 5.7, 0, NULL, '2023-09-27', '17-10-0148-01');
INSERT INTO metric_values (id, cma_id, metric_id, period, value, is_proxy, proxy_note, source_publication_date, source_table_id) VALUES ('mv_cma_sherbrooke_metric_pop_growth_5yr', 'cma_sherbrooke', 'metric_pop_growth_5yr', '2023', 6.8, 0, NULL, '2023-09-27', '17-10-0148-01');
INSERT INTO metric_values (id, cma_id, metric_id, period, value, is_proxy, proxy_note, source_publication_date, source_table_id) VALUES ('mv_cma_barrie_metric_pop_growth_5yr', 'cma_barrie', 'metric_pop_growth_5yr', '2023', 9.1, 0, NULL, '2023-09-27', '17-10-0148-01');
INSERT INTO metric_values (id, cma_id, metric_id, period, value, is_proxy, proxy_note, source_publication_date, source_table_id) VALUES ('mv_cma_kelowna_metric_pop_growth_5yr', 'cma_kelowna', 'metric_pop_growth_5yr', '2023', 12.7, 0, NULL, '2023-09-27', '17-10-0148-01');
INSERT INTO metric_values (id, cma_id, metric_id, period, value, is_proxy, proxy_note, source_publication_date, source_table_id) VALUES ('mv_cma_abbotsford_metric_pop_growth_5yr', 'cma_abbotsford', 'metric_pop_growth_5yr', '2023', 10.3, 0, NULL, '2023-09-27', '17-10-0148-01');
INSERT INTO metric_values (id, cma_id, metric_id, period, value, is_proxy, proxy_note, source_publication_date, source_table_id) VALUES ('mv_cma_sudbury_metric_pop_growth_5yr', 'cma_sudbury', 'metric_pop_growth_5yr', '2023', 2.1, 0, NULL, '2023-09-27', '17-10-0148-01');
INSERT INTO metric_values (id, cma_id, metric_id, period, value, is_proxy, proxy_note, source_publication_date, source_table_id) VALUES ('mv_cma_kingston_metric_pop_growth_5yr', 'cma_kingston', 'metric_pop_growth_5yr', '2023', 7.4, 0, NULL, '2023-09-27', '17-10-0148-01');
INSERT INTO metric_values (id, cma_id, metric_id, period, value, is_proxy, proxy_note, source_publication_date, source_table_id) VALUES ('mv_cma_saguenay_metric_pop_growth_5yr', 'cma_saguenay', 'metric_pop_growth_5yr', '2023', 3.2, 0, NULL, '2023-09-27', '17-10-0148-01');
INSERT INTO metric_values (id, cma_id, metric_id, period, value, is_proxy, proxy_note, source_publication_date, source_table_id) VALUES ('mv_cma_thunder_bay_metric_pop_growth_5yr', 'cma_thunder_bay', 'metric_pop_growth_5yr', '2023', 1.8, 0, NULL, '2023-09-27', '17-10-0148-01');
INSERT INTO metric_values (id, cma_id, metric_id, period, value, is_proxy, proxy_note, source_publication_date, source_table_id) VALUES ('mv_cma_saint_john_metric_pop_growth_5yr', 'cma_saint_john', 'metric_pop_growth_5yr', '2023', 3.4, 0, NULL, '2023-09-27', '17-10-0148-01');
INSERT INTO metric_values (id, cma_id, metric_id, period, value, is_proxy, proxy_note, source_publication_date, source_table_id) VALUES ('mv_cma_fredericton_metric_pop_growth_5yr', 'cma_fredericton', 'metric_pop_growth_5yr', '2023', 8.7, 0, NULL, '2023-09-27', '17-10-0148-01');
INSERT INTO metric_values (id, cma_id, metric_id, period, value, is_proxy, proxy_note, source_publication_date, source_table_id) VALUES ('mv_cma_moncton_metric_pop_growth_5yr', 'cma_moncton', 'metric_pop_growth_5yr', '2023', 11.6, 0, NULL, '2023-09-27', '17-10-0148-01');
INSERT INTO metric_values (id, cma_id, metric_id, period, value, is_proxy, proxy_note, source_publication_date, source_table_id) VALUES ('mv_cma_guelph_metric_pop_growth_5yr', 'cma_guelph', 'metric_pop_growth_5yr', '2023', 11.2, 0, NULL, '2023-09-27', '17-10-0148-01');
INSERT INTO metric_values (id, cma_id, metric_id, period, value, is_proxy, proxy_note, source_publication_date, source_table_id) VALUES ('mv_cma_brantford_metric_pop_growth_5yr', 'cma_brantford', 'metric_pop_growth_5yr', '2023', 6.8, 0, NULL, '2023-09-27', '17-10-0148-01');
INSERT INTO metric_values (id, cma_id, metric_id, period, value, is_proxy, proxy_note, source_publication_date, source_table_id) VALUES ('mv_cma_peterborough_metric_pop_growth_5yr', 'cma_peterborough', 'metric_pop_growth_5yr', '2023', 5.6, 0, NULL, '2023-09-27', '17-10-0148-01');
INSERT INTO metric_values (id, cma_id, metric_id, period, value, is_proxy, proxy_note, source_publication_date, source_table_id) VALUES ('mv_cma_lethbridge_metric_pop_growth_5yr', 'cma_lethbridge', 'metric_pop_growth_5yr', '2023', 8.9, 0, NULL, '2023-09-27', '17-10-0148-01');
INSERT INTO metric_values (id, cma_id, metric_id, period, value, is_proxy, proxy_note, source_publication_date, source_table_id) VALUES ('mv_cma_nanaimo_metric_pop_growth_5yr', 'cma_nanaimo', 'metric_pop_growth_5yr', '2023', 9.7, 0, NULL, '2023-09-27', '17-10-0148-01');
INSERT INTO metric_values (id, cma_id, metric_id, period, value, is_proxy, proxy_note, source_publication_date, source_table_id) VALUES ('mv_cma_red_deer_metric_pop_growth_5yr', 'cma_red_deer', 'metric_pop_growth_5yr', '2023', 4.3, 0, NULL, '2023-09-27', '17-10-0148-01');
INSERT INTO metric_values (id, cma_id, metric_id, period, value, is_proxy, proxy_note, source_publication_date, source_table_id) VALUES ('mv_cma_trois_rivieres_metric_pop_growth_5yr', 'cma_trois_rivieres', 'metric_pop_growth_5yr', '2023', 4.7, 0, NULL, '2023-09-27', '17-10-0148-01');
INSERT INTO metric_values (id, cma_id, metric_id, period, value, is_proxy, proxy_note, source_publication_date, source_table_id) VALUES ('mv_cma_toronto_metric_immigration_share', 'cma_toronto', 'metric_immigration_share', '2021', 46.1, 0, NULL, '2022-04-27', '98-10-0384-01');
INSERT INTO metric_values (id, cma_id, metric_id, period, value, is_proxy, proxy_note, source_publication_date, source_table_id) VALUES ('mv_cma_montreal_metric_immigration_share', 'cma_montreal', 'metric_immigration_share', '2021', 24.4, 0, NULL, '2022-04-27', '98-10-0384-01');
INSERT INTO metric_values (id, cma_id, metric_id, period, value, is_proxy, proxy_note, source_publication_date, source_table_id) VALUES ('mv_cma_vancouver_metric_immigration_share', 'cma_vancouver', 'metric_immigration_share', '2021', 43.5, 0, NULL, '2022-04-27', '98-10-0384-01');
INSERT INTO metric_values (id, cma_id, metric_id, period, value, is_proxy, proxy_note, source_publication_date, source_table_id) VALUES ('mv_cma_calgary_metric_immigration_share', 'cma_calgary', 'metric_immigration_share', '2021', 30.5, 0, NULL, '2022-04-27', '98-10-0384-01');
INSERT INTO metric_values (id, cma_id, metric_id, period, value, is_proxy, proxy_note, source_publication_date, source_table_id) VALUES ('mv_cma_edmonton_metric_immigration_share', 'cma_edmonton', 'metric_immigration_share', '2021', 27.3, 0, NULL, '2022-04-27', '98-10-0384-01');
INSERT INTO metric_values (id, cma_id, metric_id, period, value, is_proxy, proxy_note, source_publication_date, source_table_id) VALUES ('mv_cma_ottawa_metric_immigration_share', 'cma_ottawa', 'metric_immigration_share', '2021', 25.2, 0, NULL, '2022-04-27', '98-10-0384-01');
INSERT INTO metric_values (id, cma_id, metric_id, period, value, is_proxy, proxy_note, source_publication_date, source_table_id) VALUES ('mv_cma_winnipeg_metric_immigration_share', 'cma_winnipeg', 'metric_immigration_share', '2021', 23.7, 0, NULL, '2022-04-27', '98-10-0384-01');
INSERT INTO metric_values (id, cma_id, metric_id, period, value, is_proxy, proxy_note, source_publication_date, source_table_id) VALUES ('mv_cma_quebec_city_metric_immigration_share', 'cma_quebec_city', 'metric_immigration_share', '2021', 7.4, 0, NULL, '2022-04-27', '98-10-0384-01');
INSERT INTO metric_values (id, cma_id, metric_id, period, value, is_proxy, proxy_note, source_publication_date, source_table_id) VALUES ('mv_cma_hamilton_metric_immigration_share', 'cma_hamilton', 'metric_immigration_share', '2021', 26.8, 0, NULL, '2022-04-27', '98-10-0384-01');
INSERT INTO metric_values (id, cma_id, metric_id, period, value, is_proxy, proxy_note, source_publication_date, source_table_id) VALUES ('mv_cma_kitchener_metric_immigration_share', 'cma_kitchener', 'metric_immigration_share', '2021', 28.9, 0, NULL, '2022-04-27', '98-10-0384-01');
INSERT INTO metric_values (id, cma_id, metric_id, period, value, is_proxy, proxy_note, source_publication_date, source_table_id) VALUES ('mv_cma_london_metric_immigration_share', 'cma_london', 'metric_immigration_share', '2021', 24.7, 0, NULL, '2022-04-27', '98-10-0384-01');
INSERT INTO metric_values (id, cma_id, metric_id, period, value, is_proxy, proxy_note, source_publication_date, source_table_id) VALUES ('mv_cma_halifax_metric_immigration_share', 'cma_halifax', 'metric_immigration_share', '2021', 15.2, 0, NULL, '2022-04-27', '98-10-0384-01');
INSERT INTO metric_values (id, cma_id, metric_id, period, value, is_proxy, proxy_note, source_publication_date, source_table_id) VALUES ('mv_cma_oshawa_metric_immigration_share', 'cma_oshawa', 'metric_immigration_share', '2021', 28.4, 0, NULL, '2022-04-27', '98-10-0384-01');
INSERT INTO metric_values (id, cma_id, metric_id, period, value, is_proxy, proxy_note, source_publication_date, source_table_id) VALUES ('mv_cma_victoria_metric_immigration_share', 'cma_victoria', 'metric_immigration_share', '2021', 23.1, 0, NULL, '2022-04-27', '98-10-0384-01');
INSERT INTO metric_values (id, cma_id, metric_id, period, value, is_proxy, proxy_note, source_publication_date, source_table_id) VALUES ('mv_cma_windsor_metric_immigration_share', 'cma_windsor', 'metric_immigration_share', '2021', 27.8, 0, NULL, '2022-04-27', '98-10-0384-01');
INSERT INTO metric_values (id, cma_id, metric_id, period, value, is_proxy, proxy_note, source_publication_date, source_table_id) VALUES ('mv_cma_saskatoon_metric_immigration_share', 'cma_saskatoon', 'metric_immigration_share', '2021', 17.4, 0, NULL, '2022-04-27', '98-10-0384-01');
INSERT INTO metric_values (id, cma_id, metric_id, period, value, is_proxy, proxy_note, source_publication_date, source_table_id) VALUES ('mv_cma_regina_metric_immigration_share', 'cma_regina', 'metric_immigration_share', '2021', 16.8, 0, NULL, '2022-04-27', '98-10-0384-01');
INSERT INTO metric_values (id, cma_id, metric_id, period, value, is_proxy, proxy_note, source_publication_date, source_table_id) VALUES ('mv_cma_sherbrooke_metric_immigration_share', 'cma_sherbrooke', 'metric_immigration_share', '2021', 12.3, 0, NULL, '2022-04-27', '98-10-0384-01');
INSERT INTO metric_values (id, cma_id, metric_id, period, value, is_proxy, proxy_note, source_publication_date, source_table_id) VALUES ('mv_cma_barrie_metric_immigration_share', 'cma_barrie', 'metric_immigration_share', '2021', 18.7, 0, NULL, '2022-04-27', '98-10-0384-01');
INSERT INTO metric_values (id, cma_id, metric_id, period, value, is_proxy, proxy_note, source_publication_date, source_table_id) VALUES ('mv_cma_kelowna_metric_immigration_share', 'cma_kelowna', 'metric_immigration_share', '2021', 15.4, 0, NULL, '2022-04-27', '98-10-0384-01');
INSERT INTO metric_values (id, cma_id, metric_id, period, value, is_proxy, proxy_note, source_publication_date, source_table_id) VALUES ('mv_cma_abbotsford_metric_immigration_share', 'cma_abbotsford', 'metric_immigration_share', '2021', 24.8, 0, NULL, '2022-04-27', '98-10-0384-01');
INSERT INTO metric_values (id, cma_id, metric_id, period, value, is_proxy, proxy_note, source_publication_date, source_table_id) VALUES ('mv_cma_sudbury_metric_immigration_share', 'cma_sudbury', 'metric_immigration_share', '2021', 9.2, 0, NULL, '2022-04-27', '98-10-0384-01');
INSERT INTO metric_values (id, cma_id, metric_id, period, value, is_proxy, proxy_note, source_publication_date, source_table_id) VALUES ('mv_cma_kingston_metric_immigration_share', 'cma_kingston', 'metric_immigration_share', '2021', 14.8, 0, NULL, '2022-04-27', '98-10-0384-01');
INSERT INTO metric_values (id, cma_id, metric_id, period, value, is_proxy, proxy_note, source_publication_date, source_table_id) VALUES ('mv_cma_saguenay_metric_immigration_share', 'cma_saguenay', 'metric_immigration_share', '2021', 4.1, 0, NULL, '2022-04-27', '98-10-0384-01');
INSERT INTO metric_values (id, cma_id, metric_id, period, value, is_proxy, proxy_note, source_publication_date, source_table_id) VALUES ('mv_cma_thunder_bay_metric_immigration_share', 'cma_thunder_bay', 'metric_immigration_share', '2021', 8.7, 0, NULL, '2022-04-27', '98-10-0384-01');
INSERT INTO metric_values (id, cma_id, metric_id, period, value, is_proxy, proxy_note, source_publication_date, source_table_id) VALUES ('mv_cma_saint_john_metric_immigration_share', 'cma_saint_john', 'metric_immigration_share', '2021', 8.4, 0, NULL, '2022-04-27', '98-10-0384-01');
INSERT INTO metric_values (id, cma_id, metric_id, period, value, is_proxy, proxy_note, source_publication_date, source_table_id) VALUES ('mv_cma_fredericton_metric_immigration_share', 'cma_fredericton', 'metric_immigration_share', '2021', 10.6, 0, NULL, '2022-04-27', '98-10-0384-01');
INSERT INTO metric_values (id, cma_id, metric_id, period, value, is_proxy, proxy_note, source_publication_date, source_table_id) VALUES ('mv_cma_moncton_metric_immigration_share', 'cma_moncton', 'metric_immigration_share', '2021', 9.8, 0, NULL, '2022-04-27', '98-10-0384-01');
INSERT INTO metric_values (id, cma_id, metric_id, period, value, is_proxy, proxy_note, source_publication_date, source_table_id) VALUES ('mv_cma_guelph_metric_immigration_share', 'cma_guelph', 'metric_immigration_share', '2021', 26.4, 0, NULL, '2022-04-27', '98-10-0384-01');
INSERT INTO metric_values (id, cma_id, metric_id, period, value, is_proxy, proxy_note, source_publication_date, source_table_id) VALUES ('mv_cma_brantford_metric_immigration_share', 'cma_brantford', 'metric_immigration_share', '2021', 19.8, 0, NULL, '2022-04-27', '98-10-0384-01');
INSERT INTO metric_values (id, cma_id, metric_id, period, value, is_proxy, proxy_note, source_publication_date, source_table_id) VALUES ('mv_cma_peterborough_metric_immigration_share', 'cma_peterborough', 'metric_immigration_share', '2021', 13.7, 0, NULL, '2022-04-27', '98-10-0384-01');
INSERT INTO metric_values (id, cma_id, metric_id, period, value, is_proxy, proxy_note, source_publication_date, source_table_id) VALUES ('mv_cma_lethbridge_metric_immigration_share', 'cma_lethbridge', 'metric_immigration_share', '2021', 17.2, 0, NULL, '2022-04-27', '98-10-0384-01');
INSERT INTO metric_values (id, cma_id, metric_id, period, value, is_proxy, proxy_note, source_publication_date, source_table_id) VALUES ('mv_cma_nanaimo_metric_immigration_share', 'cma_nanaimo', 'metric_immigration_share', '2021', 16.8, 0, NULL, '2022-04-27', '98-10-0384-01');
INSERT INTO metric_values (id, cma_id, metric_id, period, value, is_proxy, proxy_note, source_publication_date, source_table_id) VALUES ('mv_cma_red_deer_metric_immigration_share', 'cma_red_deer', 'metric_immigration_share', '2021', 18.4, 0, NULL, '2022-04-27', '98-10-0384-01');
INSERT INTO metric_values (id, cma_id, metric_id, period, value, is_proxy, proxy_note, source_publication_date, source_table_id) VALUES ('mv_cma_trois_rivieres_metric_immigration_share', 'cma_trois_rivieres', 'metric_immigration_share', '2021', 6.2, 0, NULL, '2022-04-27', '98-10-0384-01');
INSERT INTO metric_values (id, cma_id, metric_id, period, value, is_proxy, proxy_note, source_publication_date, source_table_id) VALUES ('mv_cma_toronto_metric_median_age', 'cma_toronto', 'metric_median_age', '2021', 39.8, 0, NULL, '2022-04-27', '98-10-0384-01');
INSERT INTO metric_values (id, cma_id, metric_id, period, value, is_proxy, proxy_note, source_publication_date, source_table_id) VALUES ('mv_cma_montreal_metric_median_age', 'cma_montreal', 'metric_median_age', '2021', 40.3, 0, NULL, '2022-04-27', '98-10-0384-01');
INSERT INTO metric_values (id, cma_id, metric_id, period, value, is_proxy, proxy_note, source_publication_date, source_table_id) VALUES ('mv_cma_vancouver_metric_median_age', 'cma_vancouver', 'metric_median_age', '2021', 40.2, 0, NULL, '2022-04-27', '98-10-0384-01');
INSERT INTO metric_values (id, cma_id, metric_id, period, value, is_proxy, proxy_note, source_publication_date, source_table_id) VALUES ('mv_cma_calgary_metric_median_age', 'cma_calgary', 'metric_median_age', '2021', 37.3, 0, NULL, '2022-04-27', '98-10-0384-01');
INSERT INTO metric_values (id, cma_id, metric_id, period, value, is_proxy, proxy_note, source_publication_date, source_table_id) VALUES ('mv_cma_edmonton_metric_median_age', 'cma_edmonton', 'metric_median_age', '2021', 37.4, 0, NULL, '2022-04-27', '98-10-0384-01');
INSERT INTO metric_values (id, cma_id, metric_id, period, value, is_proxy, proxy_note, source_publication_date, source_table_id) VALUES ('mv_cma_ottawa_metric_median_age', 'cma_ottawa', 'metric_median_age', '2021', 39.6, 0, NULL, '2022-04-27', '98-10-0384-01');
INSERT INTO metric_values (id, cma_id, metric_id, period, value, is_proxy, proxy_note, source_publication_date, source_table_id) VALUES ('mv_cma_winnipeg_metric_median_age', 'cma_winnipeg', 'metric_median_age', '2021', 38.7, 0, NULL, '2022-04-27', '98-10-0384-01');
INSERT INTO metric_values (id, cma_id, metric_id, period, value, is_proxy, proxy_note, source_publication_date, source_table_id) VALUES ('mv_cma_quebec_city_metric_median_age', 'cma_quebec_city', 'metric_median_age', '2021', 43.1, 0, NULL, '2022-04-27', '98-10-0384-01');
INSERT INTO metric_values (id, cma_id, metric_id, period, value, is_proxy, proxy_note, source_publication_date, source_table_id) VALUES ('mv_cma_hamilton_metric_median_age', 'cma_hamilton', 'metric_median_age', '2021', 40.9, 0, NULL, '2022-04-27', '98-10-0384-01');
INSERT INTO metric_values (id, cma_id, metric_id, period, value, is_proxy, proxy_note, source_publication_date, source_table_id) VALUES ('mv_cma_kitchener_metric_median_age', 'cma_kitchener', 'metric_median_age', '2021', 37.6, 0, NULL, '2022-04-27', '98-10-0384-01');
INSERT INTO metric_values (id, cma_id, metric_id, period, value, is_proxy, proxy_note, source_publication_date, source_table_id) VALUES ('mv_cma_london_metric_median_age', 'cma_london', 'metric_median_age', '2021', 39.8, 0, NULL, '2022-04-27', '98-10-0384-01');
INSERT INTO metric_values (id, cma_id, metric_id, period, value, is_proxy, proxy_note, source_publication_date, source_table_id) VALUES ('mv_cma_halifax_metric_median_age', 'cma_halifax', 'metric_median_age', '2021', 40.2, 0, NULL, '2022-04-27', '98-10-0384-01');
INSERT INTO metric_values (id, cma_id, metric_id, period, value, is_proxy, proxy_note, source_publication_date, source_table_id) VALUES ('mv_cma_oshawa_metric_median_age', 'cma_oshawa', 'metric_median_age', '2021', 40.1, 0, NULL, '2022-04-27', '98-10-0384-01');
INSERT INTO metric_values (id, cma_id, metric_id, period, value, is_proxy, proxy_note, source_publication_date, source_table_id) VALUES ('mv_cma_victoria_metric_median_age', 'cma_victoria', 'metric_median_age', '2021', 43.2, 0, NULL, '2022-04-27', '98-10-0384-01');
INSERT INTO metric_values (id, cma_id, metric_id, period, value, is_proxy, proxy_note, source_publication_date, source_table_id) VALUES ('mv_cma_windsor_metric_median_age', 'cma_windsor', 'metric_median_age', '2021', 42.4, 0, NULL, '2022-04-27', '98-10-0384-01');
INSERT INTO metric_values (id, cma_id, metric_id, period, value, is_proxy, proxy_note, source_publication_date, source_table_id) VALUES ('mv_cma_saskatoon_metric_median_age', 'cma_saskatoon', 'metric_median_age', '2021', 37.8, 0, NULL, '2022-04-27', '98-10-0384-01');
INSERT INTO metric_values (id, cma_id, metric_id, period, value, is_proxy, proxy_note, source_publication_date, source_table_id) VALUES ('mv_cma_regina_metric_median_age', 'cma_regina', 'metric_median_age', '2021', 37.4, 0, NULL, '2022-04-27', '98-10-0384-01');
INSERT INTO metric_values (id, cma_id, metric_id, period, value, is_proxy, proxy_note, source_publication_date, source_table_id) VALUES ('mv_cma_sherbrooke_metric_median_age', 'cma_sherbrooke', 'metric_median_age', '2021', 41.8, 0, NULL, '2022-04-27', '98-10-0384-01');
INSERT INTO metric_values (id, cma_id, metric_id, period, value, is_proxy, proxy_note, source_publication_date, source_table_id) VALUES ('mv_cma_barrie_metric_median_age', 'cma_barrie', 'metric_median_age', '2021', 39.4, 0, NULL, '2022-04-27', '98-10-0384-01');
INSERT INTO metric_values (id, cma_id, metric_id, period, value, is_proxy, proxy_note, source_publication_date, source_table_id) VALUES ('mv_cma_kelowna_metric_median_age', 'cma_kelowna', 'metric_median_age', '2021', 43.8, 0, NULL, '2022-04-27', '98-10-0384-01');
INSERT INTO metric_values (id, cma_id, metric_id, period, value, is_proxy, proxy_note, source_publication_date, source_table_id) VALUES ('mv_cma_abbotsford_metric_median_age', 'cma_abbotsford', 'metric_median_age', '2021', 39.2, 0, NULL, '2022-04-27', '98-10-0384-01');
INSERT INTO metric_values (id, cma_id, metric_id, period, value, is_proxy, proxy_note, source_publication_date, source_table_id) VALUES ('mv_cma_sudbury_metric_median_age', 'cma_sudbury', 'metric_median_age', '2021', 44.2, 0, NULL, '2022-04-27', '98-10-0384-01');
INSERT INTO metric_values (id, cma_id, metric_id, period, value, is_proxy, proxy_note, source_publication_date, source_table_id) VALUES ('mv_cma_kingston_metric_median_age', 'cma_kingston', 'metric_median_age', '2021', 43.6, 0, NULL, '2022-04-27', '98-10-0384-01');
INSERT INTO metric_values (id, cma_id, metric_id, period, value, is_proxy, proxy_note, source_publication_date, source_table_id) VALUES ('mv_cma_saguenay_metric_median_age', 'cma_saguenay', 'metric_median_age', '2021', 44.8, 0, NULL, '2022-04-27', '98-10-0384-01');
INSERT INTO metric_values (id, cma_id, metric_id, period, value, is_proxy, proxy_note, source_publication_date, source_table_id) VALUES ('mv_cma_thunder_bay_metric_median_age', 'cma_thunder_bay', 'metric_median_age', '2021', 43.4, 0, NULL, '2022-04-27', '98-10-0384-01');
INSERT INTO metric_values (id, cma_id, metric_id, period, value, is_proxy, proxy_note, source_publication_date, source_table_id) VALUES ('mv_cma_saint_john_metric_median_age', 'cma_saint_john', 'metric_median_age', '2021', 44.7, 0, NULL, '2022-04-27', '98-10-0384-01');
INSERT INTO metric_values (id, cma_id, metric_id, period, value, is_proxy, proxy_note, source_publication_date, source_table_id) VALUES ('mv_cma_fredericton_metric_median_age', 'cma_fredericton', 'metric_median_age', '2021', 41.8, 0, NULL, '2022-04-27', '98-10-0384-01');
INSERT INTO metric_values (id, cma_id, metric_id, period, value, is_proxy, proxy_note, source_publication_date, source_table_id) VALUES ('mv_cma_moncton_metric_median_age', 'cma_moncton', 'metric_median_age', '2021', 42.3, 0, NULL, '2022-04-27', '98-10-0384-01');
INSERT INTO metric_values (id, cma_id, metric_id, period, value, is_proxy, proxy_note, source_publication_date, source_table_id) VALUES ('mv_cma_guelph_metric_median_age', 'cma_guelph', 'metric_median_age', '2021', 38.4, 0, NULL, '2022-04-27', '98-10-0384-01');
INSERT INTO metric_values (id, cma_id, metric_id, period, value, is_proxy, proxy_note, source_publication_date, source_table_id) VALUES ('mv_cma_brantford_metric_median_age', 'cma_brantford', 'metric_median_age', '2021', 41.2, 0, NULL, '2022-04-27', '98-10-0384-01');
INSERT INTO metric_values (id, cma_id, metric_id, period, value, is_proxy, proxy_note, source_publication_date, source_table_id) VALUES ('mv_cma_peterborough_metric_median_age', 'cma_peterborough', 'metric_median_age', '2021', 44.1, 0, NULL, '2022-04-27', '98-10-0384-01');
INSERT INTO metric_values (id, cma_id, metric_id, period, value, is_proxy, proxy_note, source_publication_date, source_table_id) VALUES ('mv_cma_lethbridge_metric_median_age', 'cma_lethbridge', 'metric_median_age', '2021', 39.8, 0, NULL, '2022-04-27', '98-10-0384-01');
INSERT INTO metric_values (id, cma_id, metric_id, period, value, is_proxy, proxy_note, source_publication_date, source_table_id) VALUES ('mv_cma_nanaimo_metric_median_age', 'cma_nanaimo', 'metric_median_age', '2021', 47.2, 0, NULL, '2022-04-27', '98-10-0384-01');
INSERT INTO metric_values (id, cma_id, metric_id, period, value, is_proxy, proxy_note, source_publication_date, source_table_id) VALUES ('mv_cma_red_deer_metric_median_age', 'cma_red_deer', 'metric_median_age', '2021', 38.9, 0, NULL, '2022-04-27', '98-10-0384-01');
INSERT INTO metric_values (id, cma_id, metric_id, period, value, is_proxy, proxy_note, source_publication_date, source_table_id) VALUES ('mv_cma_trois_rivieres_metric_median_age', 'cma_trois_rivieres', 'metric_median_age', '2021', 44.6, 0, NULL, '2022-04-27', '98-10-0384-01');

-- CMA Scores (precomputed)
INSERT INTO cma_scores (id, cma_id, economic_score, housing_score, quality_score, safety_score, environment_score, demographic_score, overall_score, completeness_score, default_weights_json) VALUES ('score_cma_quebec_city', 'cma_quebec_city', 71.6, 47.3, 66.1, 98.2, 100, 20.1, 68.7, 91.2, '{"economic":25,"housing":25,"quality_of_life":20,"safety":15,"environment":10,"demographics":5}');
INSERT INTO cma_scores (id, cma_id, economic_score, housing_score, quality_score, safety_score, environment_score, demographic_score, overall_score, completeness_score, default_weights_json) VALUES ('score_cma_calgary', 'cma_calgary', 76, 25.9, 86.8, 73.1, 80, 79.8, 65.8, 91.2, '{"economic":25,"housing":25,"quality_of_life":20,"safety":15,"environment":10,"demographics":5}');
INSERT INTO cma_scores (id, cma_id, economic_score, housing_score, quality_score, safety_score, environment_score, demographic_score, overall_score, completeness_score, default_weights_json) VALUES ('score_cma_sherbrooke', 'cma_sherbrooke', 53, 65.4, 54.3, 97.2, 86.7, 29.9, 65.2, 83.1, '{"economic":25,"housing":25,"quality_of_life":20,"safety":15,"environment":10,"demographics":5}');
INSERT INTO cma_scores (id, cma_id, economic_score, housing_score, quality_score, safety_score, environment_score, demographic_score, overall_score, completeness_score, default_weights_json) VALUES ('score_cma_ottawa', 'cma_ottawa', 85.2, 38.9, 50.8, 95.1, 66.7, 57, 65, 91.2, '{"economic":25,"housing":25,"quality_of_life":20,"safety":15,"environment":10,"demographics":5}');
INSERT INTO cma_scores (id, cma_id, economic_score, housing_score, quality_score, safety_score, environment_score, demographic_score, overall_score, completeness_score, default_weights_json) VALUES ('score_cma_edmonton', 'cma_edmonton', 56.8, 65.9, 84.2, 38.8, 60, 65.5, 62.6, 91.2, '{"economic":25,"housing":25,"quality_of_life":20,"safety":15,"environment":10,"demographics":5}');
INSERT INTO cma_scores (id, cma_id, economic_score, housing_score, quality_score, safety_score, environment_score, demographic_score, overall_score, completeness_score, default_weights_json) VALUES ('score_cma_saguenay', 'cma_saguenay', 49.7, 59.1, 49.5, 100, 93.3, 5.6, 61.7, 83.1, '{"economic":25,"housing":25,"quality_of_life":20,"safety":15,"environment":10,"demographics":5}');
INSERT INTO cma_scores (id, cma_id, economic_score, housing_score, quality_score, safety_score, environment_score, demographic_score, overall_score, completeness_score, default_weights_json) VALUES ('score_cma_guelph', 'cma_guelph', 71.4, 43.4, 55, 90.4, 46.7, 64.5, 61.1, 83.1, '{"economic":25,"housing":25,"quality_of_life":20,"safety":15,"environment":10,"demographics":5}');
INSERT INTO cma_scores (id, cma_id, economic_score, housing_score, quality_score, safety_score, environment_score, demographic_score, overall_score, completeness_score, default_weights_json) VALUES ('score_cma_fredericton', 'cma_fredericton', 50.8, 51.6, 66.2, 78.3, 80, 35.6, 60.4, 83.1, '{"economic":25,"housing":25,"quality_of_life":20,"safety":15,"environment":10,"demographics":5}');
INSERT INTO cma_scores (id, cma_id, economic_score, housing_score, quality_score, safety_score, environment_score, demographic_score, overall_score, completeness_score, default_weights_json) VALUES ('score_cma_lethbridge', 'cma_lethbridge', 59, 69.9, 69.5, 30.9, 73.3, 44.2, 60.3, 83.1, '{"economic":25,"housing":25,"quality_of_life":20,"safety":15,"environment":10,"demographics":5}');
INSERT INTO cma_scores (id, cma_id, economic_score, housing_score, quality_score, safety_score, environment_score, demographic_score, overall_score, completeness_score, default_weights_json) VALUES ('score_cma_kitchener', 'cma_kitchener', 60.2, 46.2, 64.1, 85.1, 40, 72.3, 59.8, 83.1, '{"economic":25,"housing":25,"quality_of_life":20,"safety":15,"environment":10,"demographics":5}');
INSERT INTO cma_scores (id, cma_id, economic_score, housing_score, quality_score, safety_score, environment_score, demographic_score, overall_score, completeness_score, default_weights_json) VALUES ('score_cma_halifax', 'cma_halifax', 58.2, 12.9, 78, 88.3, 93.3, 63.2, 59.1, 91.2, '{"economic":25,"housing":25,"quality_of_life":20,"safety":15,"environment":10,"demographics":5}');
INSERT INTO cma_scores (id, cma_id, economic_score, housing_score, quality_score, safety_score, environment_score, demographic_score, overall_score, completeness_score, default_weights_json) VALUES ('score_cma_regina', 'cma_regina', 77.8, 71, 61.5, 6.5, 66.7, 30.8, 58.7, 91.2, '{"economic":25,"housing":25,"quality_of_life":20,"safety":15,"environment":10,"demographics":5}');
INSERT INTO cma_scores (id, cma_id, economic_score, housing_score, quality_score, safety_score, environment_score, demographic_score, overall_score, completeness_score, default_weights_json) VALUES ('score_cma_trois_rivieres', 'cma_trois_rivieres', 40.9, 61.7, 51.3, 81.7, 93.3, 14.2, 58.2, 83.1, '{"economic":25,"housing":25,"quality_of_life":20,"safety":15,"environment":10,"demographics":5}');
INSERT INTO cma_scores (id, cma_id, economic_score, housing_score, quality_score, safety_score, environment_score, demographic_score, overall_score, completeness_score, default_weights_json) VALUES ('score_cma_winnipeg', 'cma_winnipeg', 75, 46.2, 64.9, 20.3, 86.7, 46.7, 57.3, 91.2, '{"economic":25,"housing":25,"quality_of_life":20,"safety":15,"environment":10,"demographics":5}');
INSERT INTO cma_scores (id, cma_id, economic_score, housing_score, quality_score, safety_score, environment_score, demographic_score, overall_score, completeness_score, default_weights_json) VALUES ('score_cma_moncton', 'cma_moncton', 48, 39, 74.3, 63.4, 86.7, 46.3, 57.1, 83.1, '{"economic":25,"housing":25,"quality_of_life":20,"safety":15,"environment":10,"demographics":5}');
INSERT INTO cma_scores (id, cma_id, economic_score, housing_score, quality_score, safety_score, environment_score, demographic_score, overall_score, completeness_score, default_weights_json) VALUES ('score_cma_kingston', 'cma_kingston', 55.8, 47.4, 40.3, 89.4, 73.3, 35.3, 56.4, 83.1, '{"economic":25,"housing":25,"quality_of_life":20,"safety":15,"environment":10,"demographics":5}');
INSERT INTO cma_scores (id, cma_id, economic_score, housing_score, quality_score, safety_score, environment_score, demographic_score, overall_score, completeness_score, default_weights_json) VALUES ('score_cma_saskatoon', 'cma_saskatoon', 66.8, 56.6, 73.3, 16.4, 53.3, 46.5, 55.6, 83.1, '{"economic":25,"housing":25,"quality_of_life":20,"safety":15,"environment":10,"demographics":5}');
INSERT INTO cma_scores (id, cma_id, economic_score, housing_score, quality_score, safety_score, environment_score, demographic_score, overall_score, completeness_score, default_weights_json) VALUES ('score_cma_red_deer', 'cma_red_deer', 61.4, 77.6, 53.4, 19.5, 53.3, 27.1, 55, 83.1, '{"economic":25,"housing":25,"quality_of_life":20,"safety":15,"environment":10,"demographics":5}');
INSERT INTO cma_scores (id, cma_id, economic_score, housing_score, quality_score, safety_score, environment_score, demographic_score, overall_score, completeness_score, default_weights_json) VALUES ('score_cma_victoria', 'cma_victoria', 70.9, 39.7, 34.7, 54.8, 80, 50, 53.3, 91.2, '{"economic":25,"housing":25,"quality_of_life":20,"safety":15,"environment":10,"demographics":5}');
INSERT INTO cma_scores (id, cma_id, economic_score, housing_score, quality_score, safety_score, environment_score, demographic_score, overall_score, completeness_score, default_weights_json) VALUES ('score_cma_barrie', 'cma_barrie', 50.9, 46.3, 41.6, 81, 60, 46.8, 53.1, 83.1, '{"economic":25,"housing":25,"quality_of_life":20,"safety":15,"environment":10,"demographics":5}');
INSERT INTO cma_scores (id, cma_id, economic_score, housing_score, quality_score, safety_score, environment_score, demographic_score, overall_score, completeness_score, default_weights_json) VALUES ('score_cma_kelowna', 'cma_kelowna', 62.9, 45.7, 54.3, 42.9, 46.7, 57.4, 52, 83.1, '{"economic":25,"housing":25,"quality_of_life":20,"safety":15,"environment":10,"demographics":5}');
INSERT INTO cma_scores (id, cma_id, economic_score, housing_score, quality_score, safety_score, environment_score, demographic_score, overall_score, completeness_score, default_weights_json) VALUES ('score_cma_montreal', 'cma_montreal', 27.9, 57, 50.3, 86.2, 53.3, 42.7, 51.7, 91.2, '{"economic":25,"housing":25,"quality_of_life":20,"safety":15,"environment":10,"demographics":5}');
INSERT INTO cma_scores (id, cma_id, economic_score, housing_score, quality_score, safety_score, environment_score, demographic_score, overall_score, completeness_score, default_weights_json) VALUES ('score_cma_sudbury', 'cma_sudbury', 35.6, 73.6, 26.2, 62.9, 80, 7.3, 50.3, 83.1, '{"economic":25,"housing":25,"quality_of_life":20,"safety":15,"environment":10,"demographics":5}');
INSERT INTO cma_scores (id, cma_id, economic_score, housing_score, quality_score, safety_score, environment_score, demographic_score, overall_score, completeness_score, default_weights_json) VALUES ('score_cma_oshawa', 'cma_oshawa', 47.7, 38.7, 46.3, 77.6, 20, 61.2, 47.6, 83.1, '{"economic":25,"housing":25,"quality_of_life":20,"safety":15,"environment":10,"demographics":5}');
INSERT INTO cma_scores (id, cma_id, economic_score, housing_score, quality_score, safety_score, environment_score, demographic_score, overall_score, completeness_score, default_weights_json) VALUES ('score_cma_london', 'cma_london', 32.4, 46.4, 48.8, 71.8, 46.7, 53.2, 47.5, 83.1, '{"economic":25,"housing":25,"quality_of_life":20,"safety":15,"environment":10,"demographics":5}');
INSERT INTO cma_scores (id, cma_id, economic_score, housing_score, quality_score, safety_score, environment_score, demographic_score, overall_score, completeness_score, default_weights_json) VALUES ('score_cma_nanaimo', 'cma_nanaimo', 43.2, 53.5, 37.3, 37.5, 66.7, 47, 46.3, 83.1, '{"economic":25,"housing":25,"quality_of_life":20,"safety":15,"environment":10,"demographics":5}');
INSERT INTO cma_scores (id, cma_id, economic_score, housing_score, quality_score, safety_score, environment_score, demographic_score, overall_score, completeness_score, default_weights_json) VALUES ('score_cma_peterborough', 'cma_peterborough', 32.3, 51.4, 31.2, 77.9, 60, 26.8, 46.2, 83.1, '{"economic":25,"housing":25,"quality_of_life":20,"safety":15,"environment":10,"demographics":5}');
INSERT INTO cma_scores (id, cma_id, economic_score, housing_score, quality_score, safety_score, environment_score, demographic_score, overall_score, completeness_score, default_weights_json) VALUES ('score_cma_hamilton', 'cma_hamilton', 47.7, 44.7, 37.2, 71.4, 13.3, 48.4, 45, 83.1, '{"economic":25,"housing":25,"quality_of_life":20,"safety":15,"environment":10,"demographics":5}');
INSERT INTO cma_scores (id, cma_id, economic_score, housing_score, quality_score, safety_score, environment_score, demographic_score, overall_score, completeness_score, default_weights_json) VALUES ('score_cma_abbotsford', 'cma_abbotsford', 45.8, 48.7, 37.3, 54.7, 26.7, 58.9, 44.9, 83.1, '{"economic":25,"housing":25,"quality_of_life":20,"safety":15,"environment":10,"demographics":5}');
INSERT INTO cma_scores (id, cma_id, economic_score, housing_score, quality_score, safety_score, environment_score, demographic_score, overall_score, completeness_score, default_weights_json) VALUES ('score_cma_saint_john', 'cma_saint_john', 15.9, 53.9, 43, 60.2, 86.7, 11.6, 44.3, 83.1, '{"economic":25,"housing":25,"quality_of_life":20,"safety":15,"environment":10,"demographics":5}');
INSERT INTO cma_scores (id, cma_id, economic_score, housing_score, quality_score, safety_score, environment_score, demographic_score, overall_score, completeness_score, default_weights_json) VALUES ('score_cma_brantford', 'cma_brantford', 34.8, 45.7, 39.7, 69, 33.3, 38.9, 43.7, 83.1, '{"economic":25,"housing":25,"quality_of_life":20,"safety":15,"environment":10,"demographics":5}');
INSERT INTO cma_scores (id, cma_id, economic_score, housing_score, quality_score, safety_score, environment_score, demographic_score, overall_score, completeness_score, default_weights_json) VALUES ('score_cma_toronto', 'cma_toronto', 28.7, 30, 35.6, 93.9, 26.7, 75.8, 42.3, 91.2, '{"economic":25,"housing":25,"quality_of_life":20,"safety":15,"environment":10,"demographics":5}');
INSERT INTO cma_scores (id, cma_id, economic_score, housing_score, quality_score, safety_score, environment_score, demographic_score, overall_score, completeness_score, default_weights_json) VALUES ('score_cma_thunder_bay', 'cma_thunder_bay', 40.1, 75.7, 22.6, 0, 66.7, 5.5, 40.4, 83.1, '{"economic":25,"housing":25,"quality_of_life":20,"safety":15,"environment":10,"demographics":5}');
INSERT INTO cma_scores (id, cma_id, economic_score, housing_score, quality_score, safety_score, environment_score, demographic_score, overall_score, completeness_score, default_weights_json) VALUES ('score_cma_vancouver', 'cma_vancouver', 49, 27.9, 30.2, 49.9, 33.3, 77.1, 40, 91.2, '{"economic":25,"housing":25,"quality_of_life":20,"safety":15,"environment":10,"demographics":5}');
INSERT INTO cma_scores (id, cma_id, economic_score, housing_score, quality_score, safety_score, environment_score, demographic_score, overall_score, completeness_score, default_weights_json) VALUES ('score_cma_windsor', 'cma_windsor', 12.2, 46.7, 36.9, 74.8, 0, 41.9, 35.4, 83.1, '{"economic":25,"housing":25,"quality_of_life":20,"safety":15,"environment":10,"demographics":5}');

COMMIT;
